link_id,stone_id,observation_id,method,confidence,rationale,review_status
DR389:fortidsminder:17,DR389,fortidsminder:17,authoritative_external_identifier,high,Wikidata P3596 eller Samnordisk runtextdatabases danske HER-lokalitets-ID peger eksplicit på dette systemnummer i Fund og Fortidsminder.,imported
DR372:fortidsminder:310,DR372,fortidsminder:310,authoritative_external_identifier,high,Wikidata P3596 eller Samnordisk runtextdatabases danske HER-lokalitets-ID peger eksplicit på dette systemnummer i Fund og Fortidsminder.,imported
DR403:fortidsminder:1167,DR403,fortidsminder:1167,authoritative_external_identifier,high,Wikidata P3596 eller Samnordisk runtextdatabases danske HER-lokalitets-ID peger eksplicit på dette systemnummer i Fund og Fortidsminder.,imported
DR401:fortidsminder:1272,DR401,fortidsminder:1272,authoritative_external_identifier,high,Wikidata P3596 eller Samnordisk runtextdatabases danske HER-lokalitets-ID peger eksplicit på dette systemnummer i Fund og Fortidsminder.,imported
DR383:fortidsminder:1679,DR383,fortidsminder:1679,authoritative_external_identifier,high,Wikidata P3596 eller Samnordisk runtextdatabases danske HER-lokalitets-ID peger eksplicit på dette systemnummer i Fund og Fortidsminder.,imported
DR384:fortidsminder:1679,DR384,fortidsminder:1679,authoritative_external_identifier,high,Wikidata P3596 eller Samnordisk runtextdatabases danske HER-lokalitets-ID peger eksplicit på dette systemnummer i Fund og Fortidsminder.,imported
DR385:fortidsminder:1679,DR385,fortidsminder:1679,authoritative_external_identifier,high,Wikidata P3596 eller Samnordisk runtextdatabases danske HER-lokalitets-ID peger eksplicit på dette systemnummer i Fund og Fortidsminder.,imported
DR386:fortidsminder:1679,DR386,fortidsminder:1679,authoritative_external_identifier,high,Wikidata P3596 eller Samnordisk runtextdatabases danske HER-lokalitets-ID peger eksplicit på dette systemnummer i Fund og Fortidsminder.,imported
DR387:fortidsminder:1679,DR387,fortidsminder:1679,authoritative_external_identifier,high,Wikidata P3596 eller Samnordisk runtextdatabases danske HER-lokalitets-ID peger eksplicit på dette systemnummer i Fund og Fortidsminder.,imported
DR388:fortidsminder:1679,DR388,fortidsminder:1679,authoritative_external_identifier,high,Wikidata P3596 eller Samnordisk runtextdatabases danske HER-lokalitets-ID peger eksplicit på dette systemnummer i Fund og Fortidsminder.,imported
DR390:fortidsminder:2121,DR390,fortidsminder:2121,authoritative_external_identifier,high,Wikidata P3596 eller Samnordisk runtextdatabases danske HER-lokalitets-ID peger eksplicit på dette systemnummer i Fund og Fortidsminder.,imported
DR393:fortidsminder:2159,DR393,fortidsminder:2159,authoritative_external_identifier,high,Wikidata P3596 eller Samnordisk runtextdatabases danske HER-lokalitets-ID peger eksplicit på dette systemnummer i Fund og Fortidsminder.,imported
DR209:fortidsminder:5907,DR209,fortidsminder:5907,authoritative_external_identifier,high,Wikidata P3596 eller Samnordisk runtextdatabases danske HER-lokalitets-ID peger eksplicit på dette systemnummer i Fund og Fortidsminder.,imported
DR129:fortidsminder:23562,DR129,fortidsminder:23562,authoritative_external_identifier,high,Wikidata P3596 eller Samnordisk runtextdatabases danske HER-lokalitets-ID peger eksplicit på dette systemnummer i Fund og Fortidsminder.,imported
DR135:fortidsminder:24077,DR135,fortidsminder:24077,authoritative_external_identifier,high,Wikidata P3596 eller Samnordisk runtextdatabases danske HER-lokalitets-ID peger eksplicit på dette systemnummer i Fund og Fortidsminder.,imported
DR134:fortidsminder:29096,DR134,fortidsminder:29096,authoritative_external_identifier,high,Wikidata P3596 eller Samnordisk runtextdatabases danske HER-lokalitets-ID peger eksplicit på dette systemnummer i Fund og Fortidsminder.,imported
DR131:fortidsminder:29537,DR131,fortidsminder:29537,authoritative_external_identifier,high,Wikidata P3596 eller Samnordisk runtextdatabases danske HER-lokalitets-ID peger eksplicit på dette systemnummer i Fund og Fortidsminder.,imported
DREM85308:fortidsminder:38896,DREM85308,fortidsminder:38896,authoritative_external_identifier,high,Wikidata P3596 eller Samnordisk runtextdatabases danske HER-lokalitets-ID peger eksplicit på dette systemnummer i Fund og Fortidsminder.,imported
DR96:fortidsminder:42148,DR96,fortidsminder:42148,authoritative_external_identifier,high,Wikidata P3596 eller Samnordisk runtextdatabases danske HER-lokalitets-ID peger eksplicit på dette systemnummer i Fund og Fortidsminder.,imported
DR97:fortidsminder:42148,DR97,fortidsminder:42148,authoritative_external_identifier,high,Wikidata P3596 eller Samnordisk runtextdatabases danske HER-lokalitets-ID peger eksplicit på dette systemnummer i Fund og Fortidsminder.,imported
DR114:fortidsminder:42889,DR114,fortidsminder:42889,authoritative_external_identifier,high,Wikidata P3596 eller Samnordisk runtextdatabases danske HER-lokalitets-ID peger eksplicit på dette systemnummer i Fund og Fortidsminder.,imported
DR40:fortidsminder:60322,DR40,fortidsminder:60322,authoritative_external_identifier,high,Wikidata P3596 eller Samnordisk runtextdatabases danske HER-lokalitets-ID peger eksplicit på dette systemnummer i Fund og Fortidsminder.,imported
DR26:fortidsminder:74632,DR26,fortidsminder:74632,authoritative_external_identifier,high,Wikidata P3596 eller Samnordisk runtextdatabases danske HER-lokalitets-ID peger eksplicit på dette systemnummer i Fund og Fortidsminder.,imported
DR15:fortidsminder:86273,DR15,fortidsminder:86273,authoritative_external_identifier,high,Wikidata P3596 eller Samnordisk runtextdatabases danske HER-lokalitets-ID peger eksplicit på dette systemnummer i Fund og Fortidsminder.,imported
DR228:fortidsminder:91457,DR228,fortidsminder:91457,authoritative_external_identifier,high,Wikidata P3596 eller Samnordisk runtextdatabases danske HER-lokalitets-ID peger eksplicit på dette systemnummer i Fund og Fortidsminder.,imported
DR192:fortidsminder:92616,DR192,fortidsminder:92616,authoritative_external_identifier,high,Wikidata P3596 eller Samnordisk runtextdatabases danske HER-lokalitets-ID peger eksplicit på dette systemnummer i Fund og Fortidsminder.,imported
DR191:fortidsminder:92617,DR191,fortidsminder:92617,authoritative_external_identifier,high,Wikidata P3596 eller Samnordisk runtextdatabases danske HER-lokalitets-ID peger eksplicit på dette systemnummer i Fund og Fortidsminder.,imported
DR250:fortidsminder:95700,DR250,fortidsminder:95700,authoritative_external_identifier,high,Wikidata P3596 eller Samnordisk runtextdatabases danske HER-lokalitets-ID peger eksplicit på dette systemnummer i Fund og Fortidsminder.,imported
DR238:fortidsminder:109512,DR238,fortidsminder:109512,authoritative_external_identifier,high,Wikidata P3596 eller Samnordisk runtextdatabases danske HER-lokalitets-ID peger eksplicit på dette systemnummer i Fund og Fortidsminder.,imported
DR400:fortidsminder:112342,DR400,fortidsminder:112342,authoritative_external_identifier,high,Wikidata P3596 eller Samnordisk runtextdatabases danske HER-lokalitets-ID peger eksplicit på dette systemnummer i Fund og Fortidsminder.,imported
DR402:fortidsminder:112344,DR402,fortidsminder:112344,authoritative_external_identifier,high,Wikidata P3596 eller Samnordisk runtextdatabases danske HER-lokalitets-ID peger eksplicit på dette systemnummer i Fund og Fortidsminder.,imported
DR390:fortidsminder:112456,DR390,fortidsminder:112456,authoritative_external_identifier,high,Wikidata P3596 eller Samnordisk runtextdatabases danske HER-lokalitets-ID peger eksplicit på dette systemnummer i Fund og Fortidsminder.,imported
DR397:fortidsminder:112457,DR397,fortidsminder:112457,authoritative_external_identifier,high,Wikidata P3596 eller Samnordisk runtextdatabases danske HER-lokalitets-ID peger eksplicit på dette systemnummer i Fund og Fortidsminder.,imported
DR212:fortidsminder:112661,DR212,fortidsminder:112661,authoritative_external_identifier,high,Wikidata P3596 eller Samnordisk runtextdatabases danske HER-lokalitets-ID peger eksplicit på dette systemnummer i Fund og Fortidsminder.,imported
DR150:fortidsminder:114328,DR150,fortidsminder:114328,authoritative_external_identifier,high,Wikidata P3596 eller Samnordisk runtextdatabases danske HER-lokalitets-ID peger eksplicit på dette systemnummer i Fund og Fortidsminder.,imported
DR138:fortidsminder:114679,DR138,fortidsminder:114679,authoritative_external_identifier,high,Wikidata P3596 eller Samnordisk runtextdatabases danske HER-lokalitets-ID peger eksplicit på dette systemnummer i Fund og Fortidsminder.,imported
DR91:fortidsminder:115064,DR91,fortidsminder:115064,authoritative_external_identifier,high,Wikidata P3596 eller Samnordisk runtextdatabases danske HER-lokalitets-ID peger eksplicit på dette systemnummer i Fund og Fortidsminder.,imported
DR77:fortidsminder:115088,DR77,fortidsminder:115088,authoritative_external_identifier,high,Wikidata P3596 eller Samnordisk runtextdatabases danske HER-lokalitets-ID peger eksplicit på dette systemnummer i Fund og Fortidsminder.,imported
DR86:fortidsminder:115091,DR86,fortidsminder:115091,authoritative_external_identifier,high,Wikidata P3596 eller Samnordisk runtextdatabases danske HER-lokalitets-ID peger eksplicit på dette systemnummer i Fund og Fortidsminder.,imported
DR80:fortidsminder:115111,DR80,fortidsminder:115111,authoritative_external_identifier,high,Wikidata P3596 eller Samnordisk runtextdatabases danske HER-lokalitets-ID peger eksplicit på dette systemnummer i Fund og Fortidsminder.,imported
DR98:fortidsminder:115326,DR98,fortidsminder:115326,authoritative_external_identifier,high,Wikidata P3596 eller Samnordisk runtextdatabases danske HER-lokalitets-ID peger eksplicit på dette systemnummer i Fund og Fortidsminder.,imported
DR36:fortidsminder:116527,DR36,fortidsminder:116527,authoritative_external_identifier,high,Wikidata P3596 eller Samnordisk runtextdatabases danske HER-lokalitets-ID peger eksplicit på dette systemnummer i Fund og Fortidsminder.,imported
DR41:fortidsminder:116756,DR41,fortidsminder:116756,authoritative_external_identifier,high,Wikidata P3596 eller Samnordisk runtextdatabases danske HER-lokalitets-ID peger eksplicit på dette systemnummer i Fund og Fortidsminder.,imported
DR42:fortidsminder:116756,DR42,fortidsminder:116756,authoritative_external_identifier,high,Wikidata P3596 eller Samnordisk runtextdatabases danske HER-lokalitets-ID peger eksplicit på dette systemnummer i Fund og Fortidsminder.,imported
DR46:fortidsminder:117029,DR46,fortidsminder:117029,authoritative_external_identifier,high,Wikidata P3596 eller Samnordisk runtextdatabases danske HER-lokalitets-ID peger eksplicit på dette systemnummer i Fund og Fortidsminder.,imported
DR30:fortidsminder:117059,DR30,fortidsminder:117059,authoritative_external_identifier,high,Wikidata P3596 eller Samnordisk runtextdatabases danske HER-lokalitets-ID peger eksplicit på dette systemnummer i Fund og Fortidsminder.,imported
DR29:fortidsminder:117063,DR29,fortidsminder:117063,authoritative_external_identifier,high,Wikidata P3596 eller Samnordisk runtextdatabases danske HER-lokalitets-ID peger eksplicit på dette systemnummer i Fund og Fortidsminder.,imported
DR34:fortidsminder:117510,DR34,fortidsminder:117510,authoritative_external_identifier,high,Wikidata P3596 eller Samnordisk runtextdatabases danske HER-lokalitets-ID peger eksplicit på dette systemnummer i Fund og Fortidsminder.,imported
DR17:fortidsminder:118148,DR17,fortidsminder:118148,authoritative_external_identifier,high,Wikidata P3596 eller Samnordisk runtextdatabases danske HER-lokalitets-ID peger eksplicit på dette systemnummer i Fund og Fortidsminder.,imported
DR14:fortidsminder:118763,DR14,fortidsminder:118763,authoritative_external_identifier,high,Wikidata P3596 eller Samnordisk runtextdatabases danske HER-lokalitets-ID peger eksplicit på dette systemnummer i Fund og Fortidsminder.,imported
DR99:fortidsminder:120827,DR99,fortidsminder:120827,authoritative_external_identifier,high,Wikidata P3596 eller Samnordisk runtextdatabases danske HER-lokalitets-ID peger eksplicit på dette systemnummer i Fund og Fortidsminder.,imported
DR108:fortidsminder:125362,DR108,fortidsminder:125362,authoritative_external_identifier,high,Wikidata P3596 eller Samnordisk runtextdatabases danske HER-lokalitets-ID peger eksplicit på dette systemnummer i Fund og Fortidsminder.,imported
DR53:fortidsminder:125428,DR53,fortidsminder:125428,authoritative_external_identifier,high,Wikidata P3596 eller Samnordisk runtextdatabases danske HER-lokalitets-ID peger eksplicit på dette systemnummer i Fund og Fortidsminder.,imported
DR408:fortidsminder:126446,DR408,fortidsminder:126446,authoritative_external_identifier,high,Wikidata P3596 eller Samnordisk runtextdatabases danske HER-lokalitets-ID peger eksplicit på dette systemnummer i Fund og Fortidsminder.,imported
DR218:fortidsminder:130141,DR218,fortidsminder:130141,authoritative_external_identifier,high,Wikidata P3596 eller Samnordisk runtextdatabases danske HER-lokalitets-ID peger eksplicit på dette systemnummer i Fund og Fortidsminder.,imported
DRAUD1995279:fortidsminder:136597,DRAUD1995279,fortidsminder:136597,authoritative_external_identifier,high,Wikidata P3596 eller Samnordisk runtextdatabases danske HER-lokalitets-ID peger eksplicit på dette systemnummer i Fund og Fortidsminder.,imported
DR202:fortidsminder:142413,DR202,fortidsminder:142413,authoritative_external_identifier,high,Wikidata P3596 eller Samnordisk runtextdatabases danske HER-lokalitets-ID peger eksplicit på dette systemnummer i Fund og Fortidsminder.,imported
DRDKSJY77:fortidsminder:148553,DRDKSJY77,fortidsminder:148553,authoritative_external_identifier,high,Wikidata P3596 eller Samnordisk runtextdatabases danske HER-lokalitets-ID peger eksplicit på dette systemnummer i Fund og Fortidsminder.,imported
DR123:fortidsminder:164458,DR123,fortidsminder:164458,authoritative_external_identifier,high,Wikidata P3596 eller Samnordisk runtextdatabases danske HER-lokalitets-ID peger eksplicit på dette systemnummer i Fund og Fortidsminder.,imported
DR392:fortidsminder:188428,DR392,fortidsminder:188428,authoritative_external_identifier,high,Wikidata P3596 eller Samnordisk runtextdatabases danske HER-lokalitets-ID peger eksplicit på dette systemnummer i Fund og Fortidsminder.,imported
DR394:fortidsminder:188429,DR394,fortidsminder:188429,authoritative_external_identifier,high,Wikidata P3596 eller Samnordisk runtextdatabases danske HER-lokalitets-ID peger eksplicit på dette systemnummer i Fund og Fortidsminder.,imported
DR395:fortidsminder:188430,DR395,fortidsminder:188430,authoritative_external_identifier,high,Wikidata P3596 eller Samnordisk runtextdatabases danske HER-lokalitets-ID peger eksplicit på dette systemnummer i Fund og Fortidsminder.,imported
DR406:fortidsminder:188432,DR406,fortidsminder:188432,authoritative_external_identifier,high,Wikidata P3596 eller Samnordisk runtextdatabases danske HER-lokalitets-ID peger eksplicit på dette systemnummer i Fund og Fortidsminder.,imported
DR407:fortidsminder:188433,DR407,fortidsminder:188433,authoritative_external_identifier,high,Wikidata P3596 eller Samnordisk runtextdatabases danske HER-lokalitets-ID peger eksplicit på dette systemnummer i Fund og Fortidsminder.,imported
DR405:fortidsminder:188434,DR405,fortidsminder:188434,authoritative_external_identifier,high,Wikidata P3596 eller Samnordisk runtextdatabases danske HER-lokalitets-ID peger eksplicit på dette systemnummer i Fund og Fortidsminder.,imported
DR399:fortidsminder:188435,DR399,fortidsminder:188435,authoritative_external_identifier,high,Wikidata P3596 eller Samnordisk runtextdatabases danske HER-lokalitets-ID peger eksplicit på dette systemnummer i Fund og Fortidsminder.,imported
DR81:fortidsminder:188447,DR81,fortidsminder:188447,authoritative_external_identifier,high,Wikidata P3596 eller Samnordisk runtextdatabases danske HER-lokalitets-ID peger eksplicit på dette systemnummer i Fund og Fortidsminder.,imported
DR41:fortidsminder:188448,DR41,fortidsminder:188448,authoritative_external_identifier,high,Wikidata P3596 eller Samnordisk runtextdatabases danske HER-lokalitets-ID peger eksplicit på dette systemnummer i Fund og Fortidsminder.,imported
DR42:fortidsminder:188448,DR42,fortidsminder:188448,authoritative_external_identifier,high,Wikidata P3596 eller Samnordisk runtextdatabases danske HER-lokalitets-ID peger eksplicit på dette systemnummer i Fund og Fortidsminder.,imported
DREM85312:fortidsminder:190841,DREM85312,fortidsminder:190841,authoritative_external_identifier,high,Wikidata P3596 eller Samnordisk runtextdatabases danske HER-lokalitets-ID peger eksplicit på dette systemnummer i Fund og Fortidsminder.,imported
DR82:fortidsminder:193025,DR82,fortidsminder:193025,authoritative_external_identifier,high,Wikidata P3596 eller Samnordisk runtextdatabases danske HER-lokalitets-ID peger eksplicit på dette systemnummer i Fund og Fortidsminder.,imported
DR130:fortidsminder:195226,DR130,fortidsminder:195226,authoritative_external_identifier,high,Wikidata P3596 eller Samnordisk runtextdatabases danske HER-lokalitets-ID peger eksplicit på dette systemnummer i Fund og Fortidsminder.,imported
DREM85239:fortidsminder:195248,DREM85239,fortidsminder:195248,authoritative_external_identifier,high,Wikidata P3596 eller Samnordisk runtextdatabases danske HER-lokalitets-ID peger eksplicit på dette systemnummer i Fund og Fortidsminder.,imported
DR372:fortidsminder:311,DR372,fortidsminder:311,authoritative_external_identifier,high,Wikidata P3596 eller Samnordisk runtextdatabases danske HER-lokalitets-ID peger eksplicit på dette systemnummer i Fund og Fortidsminder.,imported
DR374:fortidsminder:696,DR374,fortidsminder:696,authoritative_external_identifier,high,Wikidata P3596 eller Samnordisk runtextdatabases danske HER-lokalitets-ID peger eksplicit på dette systemnummer i Fund og Fortidsminder.,imported
DR400:fortidsminder:1236,DR400,fortidsminder:1236,authoritative_external_identifier,high,Wikidata P3596 eller Samnordisk runtextdatabases danske HER-lokalitets-ID peger eksplicit på dette systemnummer i Fund og Fortidsminder.,imported
DR391:fortidsminder:2184,DR391,fortidsminder:2184,authoritative_external_identifier,high,Wikidata P3596 eller Samnordisk runtextdatabases danske HER-lokalitets-ID peger eksplicit på dette systemnummer i Fund og Fortidsminder.,imported
DR392:fortidsminder:2184,DR392,fortidsminder:2184,authoritative_external_identifier,high,Wikidata P3596 eller Samnordisk runtextdatabases danske HER-lokalitets-ID peger eksplicit på dette systemnummer i Fund og Fortidsminder.,imported
DR394:fortidsminder:2184,DR394,fortidsminder:2184,authoritative_external_identifier,high,Wikidata P3596 eller Samnordisk runtextdatabases danske HER-lokalitets-ID peger eksplicit på dette systemnummer i Fund og Fortidsminder.,imported
DR395:fortidsminder:2184,DR395,fortidsminder:2184,authoritative_external_identifier,high,Wikidata P3596 eller Samnordisk runtextdatabases danske HER-lokalitets-ID peger eksplicit på dette systemnummer i Fund og Fortidsminder.,imported
DR161:fortidsminder:14218,DR161,fortidsminder:14218,authoritative_external_identifier,high,Wikidata P3596 eller Samnordisk runtextdatabases danske HER-lokalitets-ID peger eksplicit på dette systemnummer i Fund og Fortidsminder.,imported
DR160:fortidsminder:14350,DR160,fortidsminder:14350,authoritative_external_identifier,high,Wikidata P3596 eller Samnordisk runtextdatabases danske HER-lokalitets-ID peger eksplicit på dette systemnummer i Fund og Fortidsminder.,imported
DR155:fortidsminder:18792,DR155,fortidsminder:18792,authoritative_external_identifier,high,Wikidata P3596 eller Samnordisk runtextdatabases danske HER-lokalitets-ID peger eksplicit på dette systemnummer i Fund og Fortidsminder.,imported
DR149:fortidsminder:22029,DR149,fortidsminder:22029,authoritative_external_identifier,high,Wikidata P3596 eller Samnordisk runtextdatabases danske HER-lokalitets-ID peger eksplicit på dette systemnummer i Fund og Fortidsminder.,imported
DR69:fortidsminder:49522,DR69,fortidsminder:49522,authoritative_external_identifier,high,Wikidata P3596 eller Samnordisk runtextdatabases danske HER-lokalitets-ID peger eksplicit på dette systemnummer i Fund og Fortidsminder.,imported
DR35:fortidsminder:55540,DR35,fortidsminder:55540,authoritative_external_identifier,high,Wikidata P3596 eller Samnordisk runtextdatabases danske HER-lokalitets-ID peger eksplicit på dette systemnummer i Fund og Fortidsminder.,imported
DR226:fortidsminder:91186,DR226,fortidsminder:91186,authoritative_external_identifier,high,Wikidata P3596 eller Samnordisk runtextdatabases danske HER-lokalitets-ID peger eksplicit på dette systemnummer i Fund og Fortidsminder.,imported
DR250:fortidsminder:95661,DR250,fortidsminder:95661,authoritative_external_identifier,high,Wikidata P3596 eller Samnordisk runtextdatabases danske HER-lokalitets-ID peger eksplicit på dette systemnummer i Fund og Fortidsminder.,imported
DR248:fortidsminder:97463,DR248,fortidsminder:97463,authoritative_external_identifier,high,Wikidata P3596 eller Samnordisk runtextdatabases danske HER-lokalitets-ID peger eksplicit på dette systemnummer i Fund og Fortidsminder.,imported
DR233:fortidsminder:111590,DR233,fortidsminder:111590,authoritative_external_identifier,high,Wikidata P3596 eller Samnordisk runtextdatabases danske HER-lokalitets-ID peger eksplicit på dette systemnummer i Fund og Fortidsminder.,imported
DR213:fortidsminder:112649,DR213,fortidsminder:112649,authoritative_external_identifier,high,Wikidata P3596 eller Samnordisk runtextdatabases danske HER-lokalitets-ID peger eksplicit på dette systemnummer i Fund og Fortidsminder.,imported
DR213:fortidsminder:112650,DR213,fortidsminder:112650,authoritative_external_identifier,high,Wikidata P3596 eller Samnordisk runtextdatabases danske HER-lokalitets-ID peger eksplicit på dette systemnummer i Fund og Fortidsminder.,imported
DR213:fortidsminder:112651,DR213,fortidsminder:112651,authoritative_external_identifier,high,Wikidata P3596 eller Samnordisk runtextdatabases danske HER-lokalitets-ID peger eksplicit på dette systemnummer i Fund og Fortidsminder.,imported
DR370:fortidsminder:122744,DR370,fortidsminder:122744,authoritative_external_identifier,high,Wikidata P3596 eller Samnordisk runtextdatabases danske HER-lokalitets-ID peger eksplicit på dette systemnummer i Fund og Fortidsminder.,imported
DR370:fortidsminder:122882,DR370,fortidsminder:122882,authoritative_external_identifier,high,Wikidata P3596 eller Samnordisk runtextdatabases danske HER-lokalitets-ID peger eksplicit på dette systemnummer i Fund og Fortidsminder.,imported
DR371:fortidsminder:122882,DR371,fortidsminder:122882,authoritative_external_identifier,high,Wikidata P3596 eller Samnordisk runtextdatabases danske HER-lokalitets-ID peger eksplicit på dette systemnummer i Fund og Fortidsminder.,imported
DR379:fortidsminder:122899,DR379,fortidsminder:122899,authoritative_external_identifier,high,Wikidata P3596 eller Samnordisk runtextdatabases danske HER-lokalitets-ID peger eksplicit på dette systemnummer i Fund og Fortidsminder.,imported
DR380:fortidsminder:122899,DR380,fortidsminder:122899,authoritative_external_identifier,high,Wikidata P3596 eller Samnordisk runtextdatabases danske HER-lokalitets-ID peger eksplicit på dette systemnummer i Fund og Fortidsminder.,imported
DR382:fortidsminder:123354,DR382,fortidsminder:123354,authoritative_external_identifier,high,Wikidata P3596 eller Samnordisk runtextdatabases danske HER-lokalitets-ID peger eksplicit på dette systemnummer i Fund og Fortidsminder.,imported
DR217:fortidsminder:129770,DR217,fortidsminder:129770,authoritative_external_identifier,high,Wikidata P3596 eller Samnordisk runtextdatabases danske HER-lokalitets-ID peger eksplicit på dette systemnummer i Fund og Fortidsminder.,imported
DR192:fortidsminder:130150,DR192,fortidsminder:130150,authoritative_external_identifier,high,Wikidata P3596 eller Samnordisk runtextdatabases danske HER-lokalitets-ID peger eksplicit på dette systemnummer i Fund og Fortidsminder.,imported
DR190:fortidsminder:130151,DR190,fortidsminder:130151,authoritative_external_identifier,high,Wikidata P3596 eller Samnordisk runtextdatabases danske HER-lokalitets-ID peger eksplicit på dette systemnummer i Fund og Fortidsminder.,imported
DR191:fortidsminder:130155,DR191,fortidsminder:130155,authoritative_external_identifier,high,Wikidata P3596 eller Samnordisk runtextdatabases danske HER-lokalitets-ID peger eksplicit på dette systemnummer i Fund og Fortidsminder.,imported
DR193:fortidsminder:130156,DR193,fortidsminder:130156,authoritative_external_identifier,high,Wikidata P3596 eller Samnordisk runtextdatabases danske HER-lokalitets-ID peger eksplicit på dette systemnummer i Fund og Fortidsminder.,imported
DR210:fortidsminder:130175,DR210,fortidsminder:130175,authoritative_external_identifier,high,Wikidata P3596 eller Samnordisk runtextdatabases danske HER-lokalitets-ID peger eksplicit på dette systemnummer i Fund og Fortidsminder.,imported
DR211:fortidsminder:130180,DR211,fortidsminder:130180,authoritative_external_identifier,high,Wikidata P3596 eller Samnordisk runtextdatabases danske HER-lokalitets-ID peger eksplicit på dette systemnummer i Fund og Fortidsminder.,imported
DR189:fortidsminder:130443,DR189,fortidsminder:130443,authoritative_external_identifier,high,Wikidata P3596 eller Samnordisk runtextdatabases danske HER-lokalitets-ID peger eksplicit på dette systemnummer i Fund og Fortidsminder.,imported
DRAUD1996274:fortidsminder:141178,DRAUD1996274,fortidsminder:141178,authoritative_external_identifier,high,Wikidata P3596 eller Samnordisk runtextdatabases danske HER-lokalitets-ID peger eksplicit på dette systemnummer i Fund og Fortidsminder.,imported
DR188:fortidsminder:148036,DR188,fortidsminder:148036,authoritative_external_identifier,high,Wikidata P3596 eller Samnordisk runtextdatabases danske HER-lokalitets-ID peger eksplicit på dette systemnummer i Fund og Fortidsminder.,imported
DR187:fortidsminder:148043,DR187,fortidsminder:148043,authoritative_external_identifier,high,Wikidata P3596 eller Samnordisk runtextdatabases danske HER-lokalitets-ID peger eksplicit på dette systemnummer i Fund og Fortidsminder.,imported
DRNOR19885:fortidsminder:170371,DRNOR19885,fortidsminder:170371,authoritative_external_identifier,high,Wikidata P3596 eller Samnordisk runtextdatabases danske HER-lokalitets-ID peger eksplicit på dette systemnummer i Fund og Fortidsminder.,imported
DRDKFYN51:fortidsminder:189466,DRDKFYN51,fortidsminder:189466,authoritative_external_identifier,high,Wikidata P3596 eller Samnordisk runtextdatabases danske HER-lokalitets-ID peger eksplicit på dette systemnummer i Fund og Fortidsminder.,imported
