observation_id,source_id,source_record_id,feature_type,label,lon,lat,source_statement,interpretation,review_status
fortidsminder:17,fortidsminder:17,17,Skåltegn,"Stednr. 060302, lokalnr. 94",14.76896159,55.13935801,"Anlægstype Skåltegn; systemnr 17; stednr 060302; loknr 94; koordinat 55.13935801, 14.76896159.",Autoritativ registerobservation. En lokalitet kan beskrive flere sten eller en historisk fase og er derfor ikke automatisk en stenidentitet.,needs_review
fortidsminder:310,fortidsminder:310,310,Runesten,"Stednr. 060206, lokalnr. 73",14.9295929,55.06271176,"Anlægstype Runesten; systemnr 310; stednr 060206; loknr 73; koordinat 55.06271176, 14.9295929.",Autoritativ registerobservation. En lokalitet kan beskrive flere sten eller en historisk fase og er derfor ikke automatisk en stenidentitet.,needs_review
fortidsminder:1167,fortidsminder:1167,1167,Runesten,"Stednr. 060104, lokalnr. 96",14.80300876,55.17511419,"Anlægstype Runesten; systemnr 1167; stednr 060104; loknr 96; koordinat 55.17511419, 14.80300876.",Autoritativ registerobservation. En lokalitet kan beskrive flere sten eller en historisk fase og er derfor ikke automatisk en stenidentitet.,needs_review
fortidsminder:1272,fortidsminder:1272,1272,Runesten,"Stednr. 060104, lokalnr. 19",14.73300744,55.17720362,"Anlægstype Runesten; systemnr 1272; stednr 060104; loknr 19; koordinat 55.17720362, 14.73300744.",Autoritativ registerobservation. En lokalitet kan beskrive flere sten eller en historisk fase og er derfor ikke automatisk en stenidentitet.,needs_review
fortidsminder:1679,fortidsminder:1679,1679,Runesten,"Stednr. 060305, lokalnr. 118",14.82461881,55.1057792,"Anlægstype Runesten; systemnr 1679; stednr 060305; loknr 118; koordinat 55.1057792, 14.82461881.",Autoritativ registerobservation. En lokalitet kan beskrive flere sten eller en historisk fase og er derfor ikke automatisk en stenidentitet.,needs_review
fortidsminder:2121,fortidsminder:2121,2121,Runesten,"Stednr. 060406, lokalnr. 80",15.01599471,55.13807353,"Anlægstype Runesten; systemnr 2121; stednr 060406; loknr 80; koordinat 55.13807353, 15.01599471.",Autoritativ registerobservation. En lokalitet kan beskrive flere sten eller en historisk fase og er derfor ikke automatisk en stenidentitet.,needs_review
fortidsminder:2159,fortidsminder:2159,2159,Runesten,"Stednr. 060406, lokalnr. 117",15.04526767,55.13089291,"Anlægstype Runesten; systemnr 2159; stednr 060406; loknr 117; koordinat 55.13089291, 15.04526767.",Autoritativ registerobservation. En lokalitet kan beskrive flere sten eller en historisk fase og er derfor ikke automatisk en stenidentitet.,needs_review
fortidsminder:5907,fortidsminder:5907,5907,Runesten,"Stednr. 080507, lokalnr. 11",10.29300992,55.50966508,"Anlægstype Runesten; systemnr 5907; stednr 080507; loknr 11; koordinat 55.50966508, 10.29300992.",Autoritativ registerobservation. En lokalitet kan beskrive flere sten eller en historisk fase og er derfor ikke automatisk en stenidentitet.,needs_review
fortidsminder:23562,fortidsminder:23562,23562,Runesten,"Stednr. 120203, lokalnr. 46",9.63282909,56.70377957,"Anlægstype Runesten; systemnr 23562; stednr 120203; loknr 46; koordinat 56.70377957, 9.63282909.",Autoritativ registerobservation. En lokalitet kan beskrive flere sten eller en historisk fase og er derfor ikke automatisk en stenidentitet.,needs_review
fortidsminder:24077,fortidsminder:24077,24077,Runesten,"Stednr. 120208, lokalnr. 92",9.58970783,56.75047466,"Anlægstype Runesten; systemnr 24077; stednr 120208; loknr 92; koordinat 56.75047466, 9.58970783.",Autoritativ registerobservation. En lokalitet kan beskrive flere sten eller en historisk fase og er derfor ikke automatisk en stenidentitet.,needs_review
fortidsminder:29096,fortidsminder:29096,29096,Rundhøj,"Stednr. 120810, lokalnr. 12",9.75646587,56.75521627,"Anlægstype Rundhøj; systemnr 29096; stednr 120810; loknr 12; koordinat 56.75521627, 9.75646587.",Autoritativ registerobservation. En lokalitet kan beskrive flere sten eller en historisk fase og er derfor ikke automatisk en stenidentitet.,needs_review
fortidsminder:29537,fortidsminder:29537,29537,Runesten,"Stednr. 120814, lokalnr. 164",9.51379237,56.80485967,"Anlægstype Runesten; systemnr 29537; stednr 120814; loknr 164; koordinat 56.80485967, 9.51379237.",Autoritativ registerobservation. En lokalitet kan beskrive flere sten eller en historisk fase og er derfor ikke automatisk en stenidentitet.,needs_review
fortidsminder:34374,fortidsminder:34374,34374,Runesten,"Stednr. 130512, lokalnr. 81",9.71576283,56.30576189,"Anlægstype Runesten; systemnr 34374; stednr 130512; loknr 81; koordinat 56.30576189, 9.71576283.",Autoritativ registerobservation. En lokalitet kan beskrive flere sten eller en historisk fase og er derfor ikke automatisk en stenidentitet.,needs_review
fortidsminder:38896,fortidsminder:38896,38896,Runesten,"Stednr. 140704, lokalnr. 136",9.64676063,56.60393128,"Anlægstype Runesten; systemnr 38896; stednr 140704; loknr 136; koordinat 56.60393128, 9.64676063.",Autoritativ registerobservation. En lokalitet kan beskrive flere sten eller en historisk fase og er derfor ikke automatisk en stenidentitet.,needs_review
fortidsminder:42148,fortidsminder:42148,42148,Runesten,"Stednr. 131215, lokalnr. 57",9.83278071,56.45238238,"Anlægstype Runesten; systemnr 42148; stednr 131215; loknr 57; koordinat 56.45238238, 9.83278071.",Autoritativ registerobservation. En lokalitet kan beskrive flere sten eller en historisk fase og er derfor ikke automatisk en stenidentitet.,needs_review
fortidsminder:42889,fortidsminder:42889,42889,Rundhøj,"Stednr. 140114, lokalnr. 12",10.79501622,56.47871798,"Anlægstype Rundhøj; systemnr 42889; stednr 140114; loknr 12; koordinat 56.47871798, 10.79501622.",Autoritativ registerobservation. En lokalitet kan beskrive flere sten eller en historisk fase og er derfor ikke automatisk en stenidentitet.,needs_review
fortidsminder:60322,fortidsminder:60322,60322,Rundhøj,"Stednr. 170908, lokalnr. 145",9.2143446,55.6560318,"Anlægstype Rundhøj; systemnr 60322; stednr 170908; loknr 145; koordinat 55.6560318, 9.2143446.",Autoritativ registerobservation. En lokalitet kan beskrive flere sten eller en historisk fase og er derfor ikke automatisk en stenidentitet.,needs_review
fortidsminder:74632,fortidsminder:74632,74632,Runesten,"Stednr. 190306, lokalnr. 28",9.11457177,55.52300425,"Anlægstype Runesten; systemnr 74632; stednr 190306; loknr 28; koordinat 55.52300425, 9.11457177.",Autoritativ registerobservation. En lokalitet kan beskrive flere sten eller en historisk fase og er derfor ikke automatisk en stenidentitet.,needs_review
fortidsminder:86273,fortidsminder:86273,86273,Runesten,"Stednr. 220304, lokalnr. 90",9.34490025,55.14009856,"Anlægstype Runesten; systemnr 86273; stednr 220304; loknr 90; koordinat 55.14009856, 9.34490025.",Autoritativ registerobservation. En lokalitet kan beskrive flere sten eller en historisk fase og er derfor ikke automatisk en stenidentitet.,needs_review
fortidsminder:91457,fortidsminder:91457,91457,Runesten,"Stednr. 050709, lokalnr. 12",11.73905781,55.37887545,"Anlægstype Runesten; systemnr 91457; stednr 050709; loknr 12; koordinat 55.37887545, 11.73905781.",Autoritativ registerobservation. En lokalitet kan beskrive flere sten eller en historisk fase og er derfor ikke automatisk en stenidentitet.,needs_review
fortidsminder:92615,fortidsminder:92615,92615,Runesten,"Stednr. 010201, lokalnr. 336",11.97864043,55.8565165,"Anlægstype Runesten; systemnr 92615; stednr 010201; loknr 336; koordinat 55.8565165, 11.97864043.",Autoritativ registerobservation. En lokalitet kan beskrive flere sten eller en historisk fase og er derfor ikke automatisk en stenidentitet.,needs_review
fortidsminder:92616,fortidsminder:92616,92616,Runesten,"Stednr. 010201, lokalnr. 337",11.97873674,55.85659565,"Anlægstype Runesten; systemnr 92616; stednr 010201; loknr 337; koordinat 55.85659565, 11.97873674.",Autoritativ registerobservation. En lokalitet kan beskrive flere sten eller en historisk fase og er derfor ikke automatisk en stenidentitet.,needs_review
fortidsminder:92617,fortidsminder:92617,92617,Runesten,"Stednr. 010201, lokalnr. 338",11.97880023,55.85651355,"Anlægstype Runesten; systemnr 92617; stednr 010201; loknr 338; koordinat 55.85651355, 11.97880023.",Autoritativ registerobservation. En lokalitet kan beskrive flere sten eller en historisk fase og er derfor ikke automatisk en stenidentitet.,needs_review
fortidsminder:95700,fortidsminder:95700,95700,Runesten,"Stednr. 020207, lokalnr. 61",12.2075811,55.65012112,"Anlægstype Runesten; systemnr 95700; stednr 020207; loknr 61; koordinat 55.65012112, 12.2075811.",Autoritativ registerobservation. En lokalitet kan beskrive flere sten eller en historisk fase og er derfor ikke automatisk en stenidentitet.,needs_review
fortidsminder:109512,fortidsminder:109512,109512,Runesten,"Stednr. 040104, lokalnr. 20",11.68745032,55.43349862,"Anlægstype Runesten; systemnr 109512; stednr 040104; loknr 20; koordinat 55.43349862, 11.68745032.",Autoritativ registerobservation. En lokalitet kan beskrive flere sten eller en historisk fase og er derfor ikke automatisk en stenidentitet.,needs_review
fortidsminder:112342,fortidsminder:112342,112342,Runesten,"Stednr. 060101, lokalnr. 185",14.80306837,55.27578587,"Anlægstype Runesten; systemnr 112342; stednr 060101; loknr 185; koordinat 55.27578587, 14.80306837.",Autoritativ registerobservation. En lokalitet kan beskrive flere sten eller en historisk fase og er derfor ikke automatisk en stenidentitet.,needs_review
fortidsminder:112344,fortidsminder:112344,112344,Runesten,"Stednr. 060102, lokalnr. 148",14.708002,55.18460842,"Anlægstype Runesten; systemnr 112344; stednr 060102; loknr 148; koordinat 55.18460842, 14.708002.",Autoritativ registerobservation. En lokalitet kan beskrive flere sten eller en historisk fase og er derfor ikke automatisk en stenidentitet.,needs_review
fortidsminder:112456,fortidsminder:112456,112456,Runesten,"Stednr. 060404, lokalnr. 14",15.14232434,55.13446476,"Anlægstype Runesten; systemnr 112456; stednr 060404; loknr 14; koordinat 55.13446476, 15.14232434.",Autoritativ registerobservation. En lokalitet kan beskrive flere sten eller en historisk fase og er derfor ikke automatisk en stenidentitet.,needs_review
fortidsminder:112457,fortidsminder:112457,112457,Runesten,"Stednr. 060405, lokalnr. 148",14.96165533,55.17136065,"Anlægstype Runesten; systemnr 112457; stednr 060405; loknr 148; koordinat 55.17136065, 14.96165533.",Autoritativ registerobservation. En lokalitet kan beskrive flere sten eller en historisk fase og er derfor ikke automatisk en stenidentitet.,needs_review
fortidsminder:112661,fortidsminder:112661,112661,Runesten,"Stednr. 070513, lokalnr. 19",11.15711514,54.76623545,"Anlægstype Runesten; systemnr 112661; stednr 070513; loknr 19; koordinat 54.76623545, 11.15711514.",Autoritativ registerobservation. En lokalitet kan beskrive flere sten eller en historisk fase og er derfor ikke automatisk en stenidentitet.,needs_review
fortidsminder:114328,fortidsminder:114328,114328,Runesten,"Stednr. 110606, lokalnr. 93",8.42576057,56.75410964,"Anlægstype Runesten; systemnr 114328; stednr 110606; loknr 93; koordinat 56.75410964, 8.42576057.",Autoritativ registerobservation. En lokalitet kan beskrive flere sten eller en historisk fase og er derfor ikke automatisk en stenidentitet.,needs_review
fortidsminder:114679,fortidsminder:114679,114679,Runesten,"Stednr. 120509, lokalnr. 128",9.6910175,56.85550128,"Anlægstype Runesten; systemnr 114679; stednr 120509; loknr 128; koordinat 56.85550128, 9.6910175.",Autoritativ registerobservation. En lokalitet kan beskrive flere sten eller en historisk fase og er derfor ikke automatisk en stenidentitet.,needs_review
fortidsminder:115064,fortidsminder:115064,115064,Runesten,"Stednr. 130703, lokalnr. 23",9.92413508,56.42076531,"Anlægstype Runesten; systemnr 115064; stednr 130703; loknr 23; koordinat 56.42076531, 9.92413508.",Autoritativ registerobservation. En lokalitet kan beskrive flere sten eller en historisk fase og er derfor ikke automatisk en stenidentitet.,needs_review
fortidsminder:115088,fortidsminder:115088,115088,Runesten,"Stednr. 130705, lokalnr. 56",9.68214634,56.39561137,"Anlægstype Runesten; systemnr 115088; stednr 130705; loknr 56; koordinat 56.39561137, 9.68214634.",Autoritativ registerobservation. En lokalitet kan beskrive flere sten eller en historisk fase og er derfor ikke automatisk en stenidentitet.,needs_review
fortidsminder:115091,fortidsminder:115091,115091,Runesten,"Stednr. 130707, lokalnr. 23",9.8916565,56.39472674,"Anlægstype Runesten; systemnr 115091; stednr 130707; loknr 23; koordinat 56.39472674, 9.8916565.",Autoritativ registerobservation. En lokalitet kan beskrive flere sten eller en historisk fase og er derfor ikke automatisk en stenidentitet.,needs_review
fortidsminder:115111,fortidsminder:115111,115111,Runesten,"Stednr. 130710, lokalnr. 130",9.7526544,56.45507797,"Anlægstype Runesten; systemnr 115111; stednr 130710; loknr 130; koordinat 56.45507797, 9.7526544.",Autoritativ registerobservation. En lokalitet kan beskrive flere sten eller en historisk fase og er derfor ikke automatisk en stenidentitet.,needs_review
fortidsminder:115326,fortidsminder:115326,115326,Runesten,"Stednr. 131214, lokalnr. 18",9.90512945,56.48865877,"Anlægstype Runesten; systemnr 115326; stednr 131214; loknr 18; koordinat 56.48865877, 9.90512945.",Autoritativ registerobservation. En lokalitet kan beskrive flere sten eller en historisk fase og er derfor ikke automatisk en stenidentitet.,needs_review
fortidsminder:116527,fortidsminder:116527,116527,Runesten,"Stednr. 170208, lokalnr. 15",9.55935854,55.56964609,"Anlægstype Runesten; systemnr 116527; stednr 170208; loknr 15; koordinat 55.56964609, 9.55935854.",Autoritativ registerobservation. En lokalitet kan beskrive flere sten eller en historisk fase og er derfor ikke automatisk en stenidentitet.,needs_review
fortidsminder:116756,fortidsminder:116756,116756,Runesten,"Stednr. 170904, lokalnr. 106",9.41957651,55.75657624,"Anlægstype Runesten; systemnr 116756; stednr 170904; loknr 106; koordinat 55.75657624, 9.41957651.",Autoritativ registerobservation. En lokalitet kan beskrive flere sten eller en historisk fase og er derfor ikke automatisk en stenidentitet.,needs_review
fortidsminder:117029,fortidsminder:117029,117029,Runesten,"Stednr. 180607, lokalnr. 131",8.59528596,55.87467811,"Anlægstype Runesten; systemnr 117029; stednr 180607; loknr 131; koordinat 55.87467811, 8.59528596.",Autoritativ registerobservation. En lokalitet kan beskrive flere sten eller en historisk fase og er derfor ikke automatisk en stenidentitet.,needs_review
fortidsminder:117059,fortidsminder:117059,117059,Runesten,"Stednr. 190102, lokalnr. 55",9.14499448,55.58181126,"Anlægstype Runesten; systemnr 117059; stednr 190102; loknr 55; koordinat 55.58181126, 9.14499448.",Autoritativ registerobservation. En lokalitet kan beskrive flere sten eller en historisk fase og er derfor ikke automatisk en stenidentitet.,needs_review
fortidsminder:117063,fortidsminder:117063,117063,Runesten,"Stednr. 190102, lokalnr. 151",9.13700176,55.5691044,"Anlægstype Runesten; systemnr 117063; stednr 190102; loknr 151; koordinat 55.5691044, 9.13700176.",Autoritativ registerobservation. En lokalitet kan beskrive flere sten eller en historisk fase og er derfor ikke automatisk en stenidentitet.,needs_review
fortidsminder:117510,fortidsminder:117510,117510,Runesten,"Stednr. 190803, lokalnr. 198",8.53015739,55.72406842,"Anlægstype Runesten; systemnr 117510; stednr 190803; loknr 198; koordinat 55.72406842, 8.53015739.",Autoritativ registerobservation. En lokalitet kan beskrive flere sten eller en historisk fase og er derfor ikke automatisk en stenidentitet.,needs_review
fortidsminder:118148,fortidsminder:118148,118148,Runesten,"Stednr. 200308, lokalnr. 39",9.53227152,55.24827803,"Anlægstype Runesten; systemnr 118148; stednr 200308; loknr 39; koordinat 55.24827803, 9.53227152.",Autoritativ registerobservation. En lokalitet kan beskrive flere sten eller en historisk fase og er derfor ikke automatisk en stenidentitet.,needs_review
fortidsminder:118763,fortidsminder:118763,118763,Kirke,"Stednr. 220201, lokalnr. 87",9.25271218,54.99517621,"Anlægstype Kirke; systemnr 118763; stednr 220201; loknr 87; koordinat 54.99517621, 9.25271218.",Autoritativ registerobservation. En lokalitet kan beskrive flere sten eller en historisk fase og er derfor ikke automatisk en stenidentitet.,needs_review
fortidsminder:120827,fortidsminder:120827,120827,Runesten,"Stednr. 131214, lokalnr. 19",9.9051524,56.48865969,"Anlægstype Runesten; systemnr 120827; stednr 131214; loknr 19; koordinat 56.48865969, 9.9051524.",Autoritativ registerobservation. En lokalitet kan beskrive flere sten eller en historisk fase og er derfor ikke automatisk en stenidentitet.,needs_review
fortidsminder:122446,fortidsminder:122446,122446,Runesten,"Stednr. 060107, lokalnr. 70",14.89614593,55.2105971,"Anlægstype Runesten; systemnr 122446; stednr 060107; loknr 70; koordinat 55.2105971, 14.89614593.",Autoritativ registerobservation. En lokalitet kan beskrive flere sten eller en historisk fase og er derfor ikke automatisk en stenidentitet.,needs_review
fortidsminder:125362,fortidsminder:125362,125362,Runesten,"Stednr. 140208, lokalnr. 8",10.59117205,56.3616579,"Anlægstype Runesten; systemnr 125362; stednr 140208; loknr 8; koordinat 56.3616579, 10.59117205.",Autoritativ registerobservation. En lokalitet kan beskrive flere sten eller en historisk fase og er derfor ikke automatisk en stenidentitet.,needs_review
fortidsminder:125428,fortidsminder:125428,125428,Runesten,"Stednr. 150205, lokalnr. 19",10.16453011,55.89027417,"Anlægstype Runesten; systemnr 125428; stednr 150205; loknr 19; koordinat 55.89027417, 10.16453011.",Autoritativ registerobservation. En lokalitet kan beskrive flere sten eller en historisk fase og er derfor ikke automatisk en stenidentitet.,needs_review
fortidsminder:126446,fortidsminder:126446,126446,Runesten,"Stednr. 060106, lokalnr. 148",14.74982359,55.21517146,"Anlægstype Runesten; systemnr 126446; stednr 060106; loknr 148; koordinat 55.21517146, 14.74982359.",Autoritativ registerobservation. En lokalitet kan beskrive flere sten eller en historisk fase og er derfor ikke automatisk en stenidentitet.,needs_review
fortidsminder:130141,fortidsminder:130141,130141,Runesten,"Stednr. 070319, lokalnr. 36",11.45168854,54.67917491,"Anlægstype Runesten; systemnr 130141; stednr 070319; loknr 36; koordinat 54.67917491, 11.45168854.",Autoritativ registerobservation. En lokalitet kan beskrive flere sten eller en historisk fase og er derfor ikke automatisk en stenidentitet.,needs_review
fortidsminder:136597,fortidsminder:136597,136597,Runesten,"Stednr. 140902, lokalnr. 55",9.98540443,56.50482685,"Anlægstype Runesten; systemnr 136597; stednr 140902; loknr 55; koordinat 56.50482685, 9.98540443.",Autoritativ registerobservation. En lokalitet kan beskrive flere sten eller en historisk fase og er derfor ikke automatisk en stenidentitet.,needs_review
fortidsminder:142413,fortidsminder:142413,142413,Runesten,"Stednr. 080808, lokalnr. 56",10.60436285,55.34457745,"Anlægstype Runesten; systemnr 142413; stednr 080808; loknr 56; koordinat 55.34457745, 10.60436285.",Autoritativ registerobservation. En lokalitet kan beskrive flere sten eller en historisk fase og er derfor ikke automatisk en stenidentitet.,needs_review
fortidsminder:148553,fortidsminder:148553,148553,Klosteranlæg,"Stednr. 190408, lokalnr. 81",8.76176215,55.32765687,"Anlægstype Klosteranlæg; systemnr 148553; stednr 190408; loknr 81; koordinat 55.32765687, 8.76176215.",Autoritativ registerobservation. En lokalitet kan beskrive flere sten eller en historisk fase og er derfor ikke automatisk en stenidentitet.,needs_review
fortidsminder:164458,fortidsminder:164458,164458,Ødekirke,"Stednr. 140604, lokalnr. 134",9.81395366,56.5954029,"Anlægstype Ødekirke; systemnr 164458; stednr 140604; loknr 134; koordinat 56.5954029, 9.81395366.",Autoritativ registerobservation. En lokalitet kan beskrive flere sten eller en historisk fase og er derfor ikke automatisk en stenidentitet.,needs_review
fortidsminder:188428,fortidsminder:188428,188428,Runesten,"Stednr. 060406, lokalnr. 227",15.01596341,55.13809077,"Anlægstype Runesten; systemnr 188428; stednr 060406; loknr 227; koordinat 55.13809077, 15.01596341.",Autoritativ registerobservation. En lokalitet kan beskrive flere sten eller en historisk fase og er derfor ikke automatisk en stenidentitet.,needs_review
fortidsminder:188429,fortidsminder:188429,188429,Runesten,"Stednr. 060406, lokalnr. 228",15.01591296,55.13809432,"Anlægstype Runesten; systemnr 188429; stednr 060406; loknr 228; koordinat 55.13809432, 15.01591296.",Autoritativ registerobservation. En lokalitet kan beskrive flere sten eller en historisk fase og er derfor ikke automatisk en stenidentitet.,needs_review
fortidsminder:188430,fortidsminder:188430,188430,Runesten,"Stednr. 060406, lokalnr. 229",15.01586972,55.13809358,"Anlægstype Runesten; systemnr 188430; stednr 060406; loknr 229; koordinat 55.13809358, 15.01586972.",Autoritativ registerobservation. En lokalitet kan beskrive flere sten eller en historisk fase og er derfor ikke automatisk en stenidentitet.,needs_review
fortidsminder:188431,fortidsminder:188431,188431,Runesten,"Stednr. 060104, lokalnr. 282",14.80294774,55.17520604,"Anlægstype Runesten; systemnr 188431; stednr 060104; loknr 282; koordinat 55.17520604, 14.80294774.",Autoritativ registerobservation. En lokalitet kan beskrive flere sten eller en historisk fase og er derfor ikke automatisk en stenidentitet.,needs_review
fortidsminder:188432,fortidsminder:188432,188432,Runesten,"Stednr. 060104, lokalnr. 283",14.8029113,55.17552588,"Anlægstype Runesten; systemnr 188432; stednr 060104; loknr 283; koordinat 55.17552588, 14.8029113.",Autoritativ registerobservation. En lokalitet kan beskrive flere sten eller en historisk fase og er derfor ikke automatisk en stenidentitet.,needs_review
fortidsminder:188433,fortidsminder:188433,188433,Runesten,"Stednr. 060104, lokalnr. 284",14.80289738,55.17552699,"Anlægstype Runesten; systemnr 188433; stednr 060104; loknr 284; koordinat 55.17552699, 14.80289738.",Autoritativ registerobservation. En lokalitet kan beskrive flere sten eller en historisk fase og er derfor ikke automatisk en stenidentitet.,needs_review
fortidsminder:188434,fortidsminder:188434,188434,Runesten,"Stednr. 060104, lokalnr. 285",14.80287704,55.17552729,"Anlægstype Runesten; systemnr 188434; stednr 060104; loknr 285; koordinat 55.17552729, 14.80287704.",Autoritativ registerobservation. En lokalitet kan beskrive flere sten eller en historisk fase og er derfor ikke automatisk en stenidentitet.,needs_review
fortidsminder:188435,fortidsminder:188435,188435,Runesten,"Stednr. 060104, lokalnr. 286",14.80297005,55.17510872,"Anlægstype Runesten; systemnr 188435; stednr 060104; loknr 286; koordinat 55.17510872, 14.80297005.",Autoritativ registerobservation. En lokalitet kan beskrive flere sten eller en historisk fase og er derfor ikke automatisk en stenidentitet.,needs_review
fortidsminder:188436,fortidsminder:188436,188436,Runesten,"Stednr. 060305, lokalnr. 459",14.82465739,55.1057527,"Anlægstype Runesten; systemnr 188436; stednr 060305; loknr 459; koordinat 55.1057527, 14.82465739.",Autoritativ registerobservation. En lokalitet kan beskrive flere sten eller en historisk fase og er derfor ikke automatisk en stenidentitet.,needs_review
fortidsminder:188437,fortidsminder:188437,188437,Runesten,"Stednr. 060305, lokalnr. 460",14.82459793,55.10574032,"Anlægstype Runesten; systemnr 188437; stednr 060305; loknr 460; koordinat 55.10574032, 14.82459793.",Autoritativ registerobservation. En lokalitet kan beskrive flere sten eller en historisk fase og er derfor ikke automatisk en stenidentitet.,needs_review
fortidsminder:188438,fortidsminder:188438,188438,Runesten,"Stednr. 060305, lokalnr. 461",14.82459762,55.1057612,"Anlægstype Runesten; systemnr 188438; stednr 060305; loknr 461; koordinat 55.1057612, 14.82459762.",Autoritativ registerobservation. En lokalitet kan beskrive flere sten eller en historisk fase og er derfor ikke automatisk en stenidentitet.,needs_review
fortidsminder:188439,fortidsminder:188439,188439,Runesten,"Stednr. 060305, lokalnr. 462",14.8246694,55.10577118,"Anlægstype Runesten; systemnr 188439; stednr 060305; loknr 462; koordinat 55.10577118, 14.8246694.",Autoritativ registerobservation. En lokalitet kan beskrive flere sten eller en historisk fase og er derfor ikke automatisk en stenidentitet.,needs_review
fortidsminder:188440,fortidsminder:188440,188440,Runesten,"Stednr. 060305, lokalnr. 463",14.82464556,55.10572965,"Anlægstype Runesten; systemnr 188440; stednr 060305; loknr 463; koordinat 55.10572965, 14.82464556.",Autoritativ registerobservation. En lokalitet kan beskrive flere sten eller en historisk fase og er derfor ikke automatisk en stenidentitet.,needs_review
fortidsminder:188441,fortidsminder:188441,188441,Runesten,"Stednr. 131215, lokalnr. 109",9.83280477,56.45238127,"Anlægstype Runesten; systemnr 188441; stednr 131215; loknr 109; koordinat 56.45238127, 9.83280477.",Autoritativ registerobservation. En lokalitet kan beskrive flere sten eller en historisk fase og er derfor ikke automatisk en stenidentitet.,needs_review
fortidsminder:188447,fortidsminder:188447,188447,Runesten,"Stednr. 130710, lokalnr. 155",9.7526201,56.45508717,"Anlægstype Runesten; systemnr 188447; stednr 130710; loknr 155; koordinat 56.45508717, 9.7526201.",Autoritativ registerobservation. En lokalitet kan beskrive flere sten eller en historisk fase og er derfor ikke automatisk en stenidentitet.,needs_review
fortidsminder:188448,fortidsminder:188448,188448,Runesten,"Stednr. 170904, lokalnr. 143",9.41963993,55.75656659,"Anlægstype Runesten; systemnr 188448; stednr 170904; loknr 143; koordinat 55.75656659, 9.41963993.",Autoritativ registerobservation. En lokalitet kan beskrive flere sten eller en historisk fase og er derfor ikke automatisk en stenidentitet.,needs_review
fortidsminder:190841,fortidsminder:190841,190841,Runesten,"Stednr. 140711, lokalnr. 150",9.99845614,56.59927816,"Anlægstype Runesten; systemnr 190841; stednr 140711; loknr 150; koordinat 56.59927816, 9.99845614.",Autoritativ registerobservation. En lokalitet kan beskrive flere sten eller en historisk fase og er derfor ikke automatisk en stenidentitet.,needs_review
fortidsminder:193025,fortidsminder:193025,193025,Runesten,"Stednr. 130712, lokalnr. 26",9.79051098,56.39579389,"Anlægstype Runesten; systemnr 193025; stednr 130712; loknr 26; koordinat 56.39579389, 9.79051098.",Autoritativ registerobservation. En lokalitet kan beskrive flere sten eller en historisk fase og er derfor ikke automatisk en stenidentitet.,needs_review
fortidsminder:195226,fortidsminder:195226,195226,Runesten,"Stednr. 120805, lokalnr. 160",9.58205631,56.82944554,"Anlægstype Runesten; systemnr 195226; stednr 120805; loknr 160; koordinat 56.82944554, 9.58205631.",Autoritativ registerobservation. En lokalitet kan beskrive flere sten eller en historisk fase og er derfor ikke automatisk en stenidentitet.,needs_review
fortidsminder:195248,fortidsminder:195248,195248,Runesten,"Stednr. 030206, lokalnr. 172",11.2257161,55.53797497,"Anlægstype Runesten; systemnr 195248; stednr 030206; loknr 172; koordinat 55.53797497, 11.2257161.",Autoritativ registerobservation. En lokalitet kan beskrive flere sten eller en historisk fase og er derfor ikke automatisk en stenidentitet.,needs_review
fortidsminder:201379,fortidsminder:201379,201379,Runesten,"Stednr. 060405, lokalnr. 395",14.96159973,55.17155132,"Anlægstype Runesten; systemnr 201379; stednr 060405; loknr 395; koordinat 55.17155132, 14.96159973.",Autoritativ registerobservation. En lokalitet kan beskrive flere sten eller en historisk fase og er derfor ikke automatisk en stenidentitet.,needs_review
fortidsminder:201380,fortidsminder:201380,201380,Runesten,"Stednr. 060405, lokalnr. 396",14.96166726,55.17139833,"Anlægstype Runesten; systemnr 201380; stednr 060405; loknr 396; koordinat 55.17139833, 14.96166726.",Autoritativ registerobservation. En lokalitet kan beskrive flere sten eller en historisk fase og er derfor ikke automatisk en stenidentitet.,needs_review
fortidsminder:217891,fortidsminder:217891,217891,Runesten,"Stednr. 141012, lokalnr. 9",10.22068316,56.38559625,"Anlægstype Runesten; systemnr 217891; stednr 141012; loknr 9; koordinat 56.38559625, 10.22068316.",Autoritativ registerobservation. En lokalitet kan beskrive flere sten eller en historisk fase og er derfor ikke automatisk en stenidentitet.,needs_review
fortidsminder:218982,fortidsminder:218982,218982,Runesten,"Stednr. 040101, lokalnr. 66",11.66500238,55.40453176,"Anlægstype Runesten; systemnr 218982; stednr 040101; loknr 66; koordinat 55.40453176, 11.66500238.",Autoritativ registerobservation. En lokalitet kan beskrive flere sten eller en historisk fase og er derfor ikke automatisk en stenidentitet.,needs_review
fortidsminder:218986,fortidsminder:218986,218986,Runesten,"Stednr. 130801, lokalnr. 243",9.42470501,56.44683849,"Anlægstype Runesten; systemnr 218986; stednr 130801; loknr 243; koordinat 56.44683849, 9.42470501.",Autoritativ registerobservation. En lokalitet kan beskrive flere sten eller en historisk fase og er derfor ikke automatisk en stenidentitet.,needs_review
fortidsminder:219003,fortidsminder:219003,219003,Runesten,"Stednr. 130701, lokalnr. 84",9.62234375,56.37902279,"Anlægstype Runesten; systemnr 219003; stednr 130701; loknr 84; koordinat 56.37902279, 9.62234375.",Autoritativ registerobservation. En lokalitet kan beskrive flere sten eller en historisk fase og er derfor ikke automatisk en stenidentitet.,needs_review
fortidsminder:219007,fortidsminder:219007,219007,Runesten,"Stednr. 060201, lokalnr. 433",15.07278076,55.06183407,"Anlægstype Runesten; systemnr 219007; stednr 060201; loknr 433; koordinat 55.06183407, 15.07278076.",Autoritativ registerobservation. En lokalitet kan beskrive flere sten eller en historisk fase og er derfor ikke automatisk en stenidentitet.,needs_review
fortidsminder:219009,fortidsminder:219009,219009,Runesten,"Stednr. 060201, lokalnr. 434",15.0727838,55.06182182,"Anlægstype Runesten; systemnr 219009; stednr 060201; loknr 434; koordinat 55.06182182, 15.0727838.",Autoritativ registerobservation. En lokalitet kan beskrive flere sten eller en historisk fase og er derfor ikke automatisk en stenidentitet.,needs_review
fortidsminder:219010,fortidsminder:219010,219010,Runesten,"Stednr. 060201, lokalnr. 435",15.07262905,55.06184223,"Anlægstype Runesten; systemnr 219010; stednr 060201; loknr 435; koordinat 55.06184223, 15.07262905.",Autoritativ registerobservation. En lokalitet kan beskrive flere sten eller en historisk fase og er derfor ikke automatisk en stenidentitet.,needs_review
fortidsminder:219012,fortidsminder:219012,219012,Runesten,"Stednr. 060201, lokalnr. 436",15.07274835,55.06182725,"Anlægstype Runesten; systemnr 219012; stednr 060201; loknr 436; koordinat 55.06182725, 15.07274835.",Autoritativ registerobservation. En lokalitet kan beskrive flere sten eller en historisk fase og er derfor ikke automatisk en stenidentitet.,needs_review
fortidsminder:219013,fortidsminder:219013,219013,Runesten,"Stednr. 140402, lokalnr. 14",10.19513804,56.62028571,"Anlægstype Runesten; systemnr 219013; stednr 140402; loknr 14; koordinat 56.62028571, 10.19513804.",Autoritativ registerobservation. En lokalitet kan beskrive flere sten eller en historisk fase og er derfor ikke automatisk en stenidentitet.,needs_review
fortidsminder:219014,fortidsminder:219014,219014,Runesten,"Stednr. 170601, lokalnr. 345",9.30039977,55.61994299,"Anlægstype Runesten; systemnr 219014; stednr 170601; loknr 345; koordinat 55.61994299, 9.30039977.",Autoritativ registerobservation. En lokalitet kan beskrive flere sten eller en historisk fase og er derfor ikke automatisk en stenidentitet.,needs_review
fortidsminder:219028,fortidsminder:219028,219028,Runesten,"Stednr. 120204, lokalnr. 302",9.33904913,56.77411102,"Anlægstype Runesten; systemnr 219028; stednr 120204; loknr 302; koordinat 56.77411102, 9.33904913.",Autoritativ registerobservation. En lokalitet kan beskrive flere sten eller en historisk fase og er derfor ikke automatisk en stenidentitet.,needs_review
fortidsminder:219029,fortidsminder:219029,219029,Runesten,"Stednr. 120102, lokalnr. 48",9.89749058,56.95125916,"Anlægstype Runesten; systemnr 219029; stednr 120102; loknr 48; koordinat 56.95125916, 9.89749058.",Autoritativ registerobservation. En lokalitet kan beskrive flere sten eller en historisk fase og er derfor ikke automatisk en stenidentitet.,needs_review
fortidsminder:219030,fortidsminder:219030,219030,Runesten,"Stednr. 120804, lokalnr. 72",9.34230576,56.86627612,"Anlægstype Runesten; systemnr 219030; stednr 120804; loknr 72; koordinat 56.86627612, 9.34230576.",Autoritativ registerobservation. En lokalitet kan beskrive flere sten eller en historisk fase og er derfor ikke automatisk en stenidentitet.,needs_review
fortidsminder:219032,fortidsminder:219032,219032,Runesten,"Stednr. 140604, lokalnr. 145",9.85167306,56.58421427,"Anlægstype Runesten; systemnr 219032; stednr 140604; loknr 145; koordinat 56.58421427, 9.85167306.",Autoritativ registerobservation. En lokalitet kan beskrive flere sten eller en historisk fase og er derfor ikke automatisk en stenidentitet.,needs_review
fortidsminder:219033,fortidsminder:219033,219033,Runesten,"Stednr. 120104, lokalnr. 126",10.01498597,56.94153543,"Anlægstype Runesten; systemnr 219033; stednr 120104; loknr 126; koordinat 56.94153543, 10.01498597.",Autoritativ registerobservation. En lokalitet kan beskrive flere sten eller en historisk fase og er derfor ikke automatisk en stenidentitet.,needs_review
fortidsminder:219036,fortidsminder:219036,219036,Runesten,"Stednr. 120104, lokalnr. 127",10.01497645,56.94152512,"Anlægstype Runesten; systemnr 219036; stednr 120104; loknr 127; koordinat 56.94152512, 10.01497645.",Autoritativ registerobservation. En lokalitet kan beskrive flere sten eller en historisk fase og er derfor ikke automatisk en stenidentitet.,needs_review
fortidsminder:219037,fortidsminder:219037,219037,Runesten,"Stednr. 160104, lokalnr. 46",9.86300269,56.2554102,"Anlægstype Runesten; systemnr 219037; stednr 160104; loknr 46; koordinat 56.2554102, 9.86300269.",Autoritativ registerobservation. En lokalitet kan beskrive flere sten eller en historisk fase og er derfor ikke automatisk en stenidentitet.,needs_review
fortidsminder:219038,fortidsminder:219038,219038,Runesten,"Stednr. 180105, lokalnr. 235",8.51243401,56.01905446,"Anlægstype Runesten; systemnr 219038; stednr 180105; loknr 235; koordinat 56.01905446, 8.51243401.",Autoritativ registerobservation. En lokalitet kan beskrive flere sten eller en historisk fase og er derfor ikke automatisk en stenidentitet.,needs_review
fortidsminder:219040,fortidsminder:219040,219040,Runesten,"Stednr. 140305, lokalnr. 53",9.91752073,56.35579328,"Anlægstype Runesten; systemnr 219040; stednr 140305; loknr 53; koordinat 56.35579328, 9.91752073.",Autoritativ registerobservation. En lokalitet kan beskrive flere sten eller en historisk fase og er derfor ikke automatisk en stenidentitet.,needs_review
fortidsminder:219043,fortidsminder:219043,219043,Runesten,"Stednr. 140906, lokalnr. 7",10.06271319,56.50362503,"Anlægstype Runesten; systemnr 219043; stednr 140906; loknr 7; koordinat 56.50362503, 10.06271319.",Autoritativ registerobservation. En lokalitet kan beskrive flere sten eller en historisk fase og er derfor ikke automatisk en stenidentitet.,needs_review
fortidsminder:219047,fortidsminder:219047,219047,Runesten,"Stednr. 120306, lokalnr. 65",10.04340129,56.84372195,"Anlægstype Runesten; systemnr 219047; stednr 120306; loknr 65; koordinat 56.84372195, 10.04340129.",Autoritativ registerobservation. En lokalitet kan beskrive flere sten eller en historisk fase og er derfor ikke automatisk en stenidentitet.,needs_review
fortidsminder:219049,fortidsminder:219049,219049,Runesten,"Stednr. 100403, lokalnr. 78",9.61794479,57.25089357,"Anlægstype Runesten; systemnr 219049; stednr 100403; loknr 78; koordinat 57.25089357, 9.61794479.",Autoritativ registerobservation. En lokalitet kan beskrive flere sten eller en historisk fase og er derfor ikke automatisk en stenidentitet.,needs_review
fortidsminder:219055,fortidsminder:219055,219055,Runesten,"Stednr. 100405, lokalnr. 74",9.66957601,57.21087566,"Anlægstype Runesten; systemnr 219055; stednr 100405; loknr 74; koordinat 57.21087566, 9.66957601.",Autoritativ registerobservation. En lokalitet kan beskrive flere sten eller en historisk fase og er derfor ikke automatisk en stenidentitet.,needs_review
fortidsminder:219057,fortidsminder:219057,219057,Runesten,"Stednr. 080506, lokalnr. 50",10.28368033,55.57326032,"Anlægstype Runesten; systemnr 219057; stednr 080506; loknr 50; koordinat 55.57326032, 10.28368033.",Autoritativ registerobservation. En lokalitet kan beskrive flere sten eller en historisk fase og er derfor ikke automatisk en stenidentitet.,needs_review
fortidsminder:219061,fortidsminder:219061,219061,Runesten,"Stednr. 060302, lokalnr. 158",14.76903403,55.13929122,"Anlægstype Runesten; systemnr 219061; stednr 060302; loknr 158; koordinat 55.13929122, 14.76903403.",Autoritativ registerobservation. En lokalitet kan beskrive flere sten eller en historisk fase og er derfor ikke automatisk en stenidentitet.,needs_review
fortidsminder:219073,fortidsminder:219073,219073,Runesten,"Stednr. 060303, lokalnr. 661",14.81490711,55.07387983,"Anlægstype Runesten; systemnr 219073; stednr 060303; loknr 661; koordinat 55.07387983, 14.81490711.",Autoritativ registerobservation. En lokalitet kan beskrive flere sten eller en historisk fase og er derfor ikke automatisk en stenidentitet.,needs_review
fortidsminder:219133,fortidsminder:219133,219133,Runesten,"Stednr. 060303, lokalnr. 662",14.81486159,55.07389046,"Anlægstype Runesten; systemnr 219133; stednr 060303; loknr 662; koordinat 55.07389046, 14.81486159.",Autoritativ registerobservation. En lokalitet kan beskrive flere sten eller en historisk fase og er derfor ikke automatisk en stenidentitet.,needs_review
fortidsminder:219242,fortidsminder:219242,219242,Runesten,"Stednr. 120810, lokalnr. 140",9.75649563,56.75519116,"Anlægstype Runesten; systemnr 219242; stednr 120810; loknr 140; koordinat 56.75519116, 9.75649563.",Autoritativ registerobservation. En lokalitet kan beskrive flere sten eller en historisk fase og er derfor ikke automatisk en stenidentitet.,needs_review
fortidsminder:219245,fortidsminder:219245,219245,Runesten,"Stednr. 140114, lokalnr. 107",10.79495943,56.47865006,"Anlægstype Runesten; systemnr 219245; stednr 140114; loknr 107; koordinat 56.47865006, 10.79495943.",Autoritativ registerobservation. En lokalitet kan beskrive flere sten eller en historisk fase og er derfor ikke automatisk en stenidentitet.,needs_review
fortidsminder:219250,fortidsminder:219250,219250,Runesten,"Stednr. 160406, lokalnr. 264",9.64219998,56.02318862,"Anlægstype Runesten; systemnr 219250; stednr 160406; loknr 264; koordinat 56.02318862, 9.64219998.",Autoritativ registerobservation. En lokalitet kan beskrive flere sten eller en historisk fase og er derfor ikke automatisk en stenidentitet.,needs_review
fortidsminder:219253,fortidsminder:219253,219253,Runesten,"Stednr. 160406, lokalnr. 265",9.64215722,56.02314953,"Anlægstype Runesten; systemnr 219253; stednr 160406; loknr 265; koordinat 56.02314953, 9.64215722.",Autoritativ registerobservation. En lokalitet kan beskrive flere sten eller en historisk fase og er derfor ikke automatisk en stenidentitet.,needs_review
fortidsminder:219254,fortidsminder:219254,219254,Runesten,"Stednr. 130712, lokalnr. 39",9.78663565,56.40878708,"Anlægstype Runesten; systemnr 219254; stednr 130712; loknr 39; koordinat 56.40878708, 9.78663565.",Autoritativ registerobservation. En lokalitet kan beskrive flere sten eller en historisk fase og er derfor ikke automatisk en stenidentitet.,needs_review
fortidsminder:219589,fortidsminder:219589,219589,Runesten,"Stednr. 150104, lokalnr. 16",9.93130255,56.18319476,"Anlægstype Runesten; systemnr 219589; stednr 150104; loknr 16; koordinat 56.18319476, 9.93130255.",Autoritativ registerobservation. En lokalitet kan beskrive flere sten eller en historisk fase og er derfor ikke automatisk en stenidentitet.,needs_review
fortidsminder:219592,fortidsminder:219592,219592,Runesten,"Stednr. 120811, lokalnr. 82",9.58932855,56.86569238,"Anlægstype Runesten; systemnr 219592; stednr 120811; loknr 82; koordinat 56.86569238, 9.58932855.",Autoritativ registerobservation. En lokalitet kan beskrive flere sten eller en historisk fase og er derfor ikke automatisk en stenidentitet.,needs_review
fortidsminder:219595,fortidsminder:219595,219595,Runesten,"Stednr. 140608, lokalnr. 65",10.03313985,56.54004105,"Anlægstype Runesten; systemnr 219595; stednr 140608; loknr 65; koordinat 56.54004105, 10.03313985.",Autoritativ registerobservation. En lokalitet kan beskrive flere sten eller en historisk fase og er derfor ikke automatisk en stenidentitet.,needs_review
fortidsminder:219597,fortidsminder:219597,219597,Runesten,"Stednr. 160111, lokalnr. 51",9.82427795,56.22636632,"Anlægstype Runesten; systemnr 219597; stednr 160111; loknr 51; koordinat 56.22636632, 9.82427795.",Autoritativ registerobservation. En lokalitet kan beskrive flere sten eller en historisk fase og er derfor ikke automatisk en stenidentitet.,needs_review
fortidsminder:219599,fortidsminder:219599,219599,Runesten,"Stednr. 140610, lokalnr. 73",9.90017582,56.59838783,"Anlægstype Runesten; systemnr 219599; stednr 140610; loknr 73; koordinat 56.59838783, 9.90017582.",Autoritativ registerobservation. En lokalitet kan beskrive flere sten eller en historisk fase og er derfor ikke automatisk en stenidentitet.,needs_review
fortidsminder:219600,fortidsminder:219600,219600,Runesten,"Stednr. 141019, lokalnr. 50",10.24646631,56.43456308,"Anlægstype Runesten; systemnr 219600; stednr 141019; loknr 50; koordinat 56.43456308, 10.24646631.",Autoritativ registerobservation. En lokalitet kan beskrive flere sten eller en historisk fase og er derfor ikke automatisk en stenidentitet.,needs_review
fortidsminder:219603,fortidsminder:219603,219603,Runesten,"Stednr. 141021, lokalnr. 65",10.31393782,56.41186847,"Anlægstype Runesten; systemnr 219603; stednr 141021; loknr 65; koordinat 56.41186847, 10.31393782.",Autoritativ registerobservation. En lokalitet kan beskrive flere sten eller en historisk fase og er derfor ikke automatisk en stenidentitet.,needs_review
fortidsminder:219647,fortidsminder:219647,219647,Runesten,"Stednr. 131215, lokalnr. 133",9.83270851,56.45237524,"Anlægstype Runesten; systemnr 219647; stednr 131215; loknr 133; koordinat 56.45237524, 9.83270851.",Autoritativ registerobservation. En lokalitet kan beskrive flere sten eller en historisk fase og er derfor ikke automatisk en stenidentitet.,needs_review
fortidsminder:219648,fortidsminder:219648,219648,Runesten,"Stednr. 131215, lokalnr. 134",9.83271027,56.45236287,"Anlægstype Runesten; systemnr 219648; stednr 131215; loknr 134; koordinat 56.45236287, 9.83271027.",Autoritativ registerobservation. En lokalitet kan beskrive flere sten eller en historisk fase og er derfor ikke automatisk en stenidentitet.,needs_review
fortidsminder:219649,fortidsminder:219649,219649,Runesten,"Stednr. 030206, lokalnr. 173",11.22570919,55.53796487,"Anlægstype Runesten; systemnr 219649; stednr 030206; loknr 173; koordinat 55.53796487, 11.22570919.",Autoritativ registerobservation. En lokalitet kan beskrive flere sten eller en historisk fase og er derfor ikke automatisk en stenidentitet.,needs_review
fortidsminder:219738,fortidsminder:219738,219738,Runesten,"Stednr. 060205, lokalnr. 453",14.91937356,55.07062472,"Anlægstype Runesten; systemnr 219738; stednr 060205; loknr 453; koordinat 55.07062472, 14.91937356.",Autoritativ registerobservation. En lokalitet kan beskrive flere sten eller en historisk fase og er derfor ikke automatisk en stenidentitet.,needs_review
fortidsminder:219739,fortidsminder:219739,219739,Runesten,"Stednr. 060205, lokalnr. 454",14.91942513,55.07062333,"Anlægstype Runesten; systemnr 219739; stednr 060205; loknr 454; koordinat 55.07062333, 14.91942513.",Autoritativ registerobservation. En lokalitet kan beskrive flere sten eller en historisk fase og er derfor ikke automatisk en stenidentitet.,needs_review
fortidsminder:220949,fortidsminder:220949,220949,Runesten,"Stednr. 110313, lokalnr. 145",8.51110104,56.98395904,"Anlægstype Runesten; systemnr 220949; stednr 110313; loknr 145; koordinat 56.98395904, 8.51110104.",Autoritativ registerobservation. En lokalitet kan beskrive flere sten eller en historisk fase og er derfor ikke automatisk en stenidentitet.,needs_review
fortidsminder:216,fortidsminder:216,216,Runesten,"Stednr. 060205, lokalnr. 125",14.96251174,55.07173103,"Anlægstype Runesten; systemnr 216; stednr 060205; loknr 125; koordinat 55.07173103, 14.96251174.",Autoritativ registerobservation. En lokalitet kan beskrive flere sten eller en historisk fase og er derfor ikke automatisk en stenidentitet.,needs_review
fortidsminder:311,fortidsminder:311,311,Runesten,"Stednr. 060206, lokalnr. 74",14.93170692,55.06240855,"Anlægstype Runesten; systemnr 311; stednr 060206; loknr 74; koordinat 55.06240855, 14.93170692.",Autoritativ registerobservation. En lokalitet kan beskrive flere sten eller en historisk fase og er derfor ikke automatisk en stenidentitet.,needs_review
fortidsminder:696,fortidsminder:696,696,Runesten,"Stednr. 060201, lokalnr. 76",15.10634203,55.05576329,"Anlægstype Runesten; systemnr 696; stednr 060201; loknr 76; koordinat 55.05576329, 15.10634203.",Autoritativ registerobservation. En lokalitet kan beskrive flere sten eller en historisk fase og er derfor ikke automatisk en stenidentitet.,needs_review
fortidsminder:766,fortidsminder:766,766,Runesten,"Stednr. 060107, lokalnr. 65",14.90746119,55.20597421,"Anlægstype Runesten; systemnr 766; stednr 060107; loknr 65; koordinat 55.20597421, 14.90746119.",Autoritativ registerobservation. En lokalitet kan beskrive flere sten eller en historisk fase og er derfor ikke automatisk en stenidentitet.,needs_review
fortidsminder:1236,fortidsminder:1236,1236,Runesten,"Stednr. 060104, lokalnr. 63",14.78742163,55.21903649,"Anlægstype Runesten; systemnr 1236; stednr 060104; loknr 63; koordinat 55.21903649, 14.78742163.",Autoritativ registerobservation. En lokalitet kan beskrive flere sten eller en historisk fase og er derfor ikke automatisk en stenidentitet.,needs_review
fortidsminder:1965,fortidsminder:1965,1965,Runesten,"Stednr. 060405, lokalnr. 75",14.92463688,55.18814829,"Anlægstype Runesten; systemnr 1965; stednr 060405; loknr 75; koordinat 55.18814829, 14.92463688.",Autoritativ registerobservation. En lokalitet kan beskrive flere sten eller en historisk fase og er derfor ikke automatisk en stenidentitet.,needs_review
fortidsminder:2184,fortidsminder:2184,2184,Runesten,"Stednr. 060406, lokalnr. 142",15.08977726,55.14979981,"Anlægstype Runesten; systemnr 2184; stednr 060406; loknr 142; koordinat 55.14979981, 15.08977726.",Autoritativ registerobservation. En lokalitet kan beskrive flere sten eller en historisk fase og er derfor ikke automatisk en stenidentitet.,needs_review
fortidsminder:9073,fortidsminder:9073,9073,Runesten,"Stednr. 090512, lokalnr. 1",10.6245419,54.90349758,"Anlægstype Runesten; systemnr 9073; stednr 090512; loknr 1; koordinat 54.90349758, 10.6245419.",Autoritativ registerobservation. En lokalitet kan beskrive flere sten eller en historisk fase og er derfor ikke automatisk en stenidentitet.,needs_review
fortidsminder:10330,fortidsminder:10330,10330,Runesten,"Stednr. 100106, lokalnr. 172",10.13412763,57.31435539,"Anlægstype Runesten; systemnr 10330; stednr 100106; loknr 172; koordinat 57.31435539, 10.13412763.",Autoritativ registerobservation. En lokalitet kan beskrive flere sten eller en historisk fase og er derfor ikke automatisk en stenidentitet.,needs_review
fortidsminder:14218,fortidsminder:14218,14218,Runesten,"Stednr. 100403, lokalnr. 1",9.63708996,57.27146235,"Anlægstype Runesten; systemnr 14218; stednr 100403; loknr 1; koordinat 57.27146235, 9.63708996.",Autoritativ registerobservation. En lokalitet kan beskrive flere sten eller en historisk fase og er derfor ikke automatisk en stenidentitet.,needs_review
fortidsminder:14350,fortidsminder:14350,14350,Runesten,"Stednr. 100405, lokalnr. 6",9.66746926,57.22832877,"Anlægstype Runesten; systemnr 14350; stednr 100405; loknr 6; koordinat 57.22832877, 9.66746926.",Autoritativ registerobservation. En lokalitet kan beskrive flere sten eller en historisk fase og er derfor ikke automatisk en stenidentitet.,needs_review
fortidsminder:17588,fortidsminder:17588,17588,Runesten,"Stednr. 110202, lokalnr. 46",8.73027305,57.01226223,"Anlægstype Runesten; systemnr 17588; stednr 110202; loknr 46; koordinat 57.01226223, 8.73027305.",Autoritativ registerobservation. En lokalitet kan beskrive flere sten eller en historisk fase og er derfor ikke automatisk en stenidentitet.,needs_review
fortidsminder:18792,fortidsminder:18792,18792,Runesten,"Stednr. 110305, lokalnr. 250",8.59032781,56.95149265,"Anlægstype Runesten; systemnr 18792; stednr 110305; loknr 250; koordinat 56.95149265, 8.59032781.",Autoritativ registerobservation. En lokalitet kan beskrive flere sten eller en historisk fase og er derfor ikke automatisk en stenidentitet.,needs_review
fortidsminder:22029,fortidsminder:22029,22029,Rundhøj,"Stednr. 110613, lokalnr. 22",8.39238086,56.71933786,"Anlægstype Rundhøj; systemnr 22029; stednr 110613; loknr 22; koordinat 56.71933786, 8.39238086.",Autoritativ registerobservation. En lokalitet kan beskrive flere sten eller en historisk fase og er derfor ikke automatisk en stenidentitet.,needs_review
fortidsminder:27978,fortidsminder:27978,27978,Runesten,"Stednr. 120701, lokalnr. 72",9.48690498,57.01098772,"Anlægstype Runesten; systemnr 27978; stednr 120701; loknr 72; koordinat 57.01098772, 9.48690498.",Autoritativ registerobservation. En lokalitet kan beskrive flere sten eller en historisk fase og er derfor ikke automatisk en stenidentitet.,needs_review
fortidsminder:33170,fortidsminder:33170,33170,Runesten,"Stednr. 130405, lokalnr. 31",8.92850491,56.57254549,"Anlægstype Runesten; systemnr 33170; stednr 130405; loknr 31; koordinat 56.57254549, 8.92850491.",Autoritativ registerobservation. En lokalitet kan beskrive flere sten eller en historisk fase og er derfor ikke automatisk en stenidentitet.,needs_review
fortidsminder:49522,fortidsminder:49522,49522,Rundhøj,"Stednr. 150309, lokalnr. 10",10.20311911,56.19185392,"Anlægstype Rundhøj; systemnr 49522; stednr 150309; loknr 10; koordinat 56.19185392, 10.20311911.",Autoritativ registerobservation. En lokalitet kan beskrive flere sten eller en historisk fase og er derfor ikke automatisk en stenidentitet.,needs_review
fortidsminder:55540,fortidsminder:55540,55540,Runesten,"Stednr. 170202, lokalnr. 7",9.53626075,55.53782763,"Anlægstype Runesten; systemnr 55540; stednr 170202; loknr 7; koordinat 55.53782763, 9.53626075.",Autoritativ registerobservation. En lokalitet kan beskrive flere sten eller en historisk fase og er derfor ikke automatisk en stenidentitet.,needs_review
fortidsminder:70438,fortidsminder:70438,70438,Runesten,"Stednr. 180712, lokalnr. 49",8.40936861,56.55693143,"Anlægstype Runesten; systemnr 70438; stednr 180712; loknr 49; koordinat 56.55693143, 8.40936861.",Autoritativ registerobservation. En lokalitet kan beskrive flere sten eller en historisk fase og er derfor ikke automatisk en stenidentitet.,needs_review
fortidsminder:84911,fortidsminder:84911,84911,Runesten,"Stednr. 210506, lokalnr. 5",8.77623934,55.00937628,"Anlægstype Runesten; systemnr 84911; stednr 210506; loknr 5; koordinat 55.00937628, 8.77623934.",Autoritativ registerobservation. En lokalitet kan beskrive flere sten eller en historisk fase og er derfor ikke automatisk en stenidentitet.,needs_review
fortidsminder:91186,fortidsminder:91186,91186,Runesten,"Stednr. 050704, lokalnr. 6",11.68741597,55.35482257,"Anlægstype Runesten; systemnr 91186; stednr 050704; loknr 6; koordinat 55.35482257, 11.68741597.",Autoritativ registerobservation. En lokalitet kan beskrive flere sten eller en historisk fase og er derfor ikke automatisk en stenidentitet.,needs_review
fortidsminder:93684,fortidsminder:93684,93684,Runesten,"Stednr. 010309, lokalnr. 3",12.22376626,55.89484711,"Anlægstype Runesten; systemnr 93684; stednr 010309; loknr 3; koordinat 55.89484711, 12.22376626.",Autoritativ registerobservation. En lokalitet kan beskrive flere sten eller en historisk fase og er derfor ikke automatisk en stenidentitet.,needs_review
fortidsminder:95661,fortidsminder:95661,95661,Runesten,"Stednr. 020207, lokalnr. 12",12.20678317,55.65332257,"Anlægstype Runesten; systemnr 95661; stednr 020207; loknr 12; koordinat 55.65332257, 12.20678317.",Autoritativ registerobservation. En lokalitet kan beskrive flere sten eller en historisk fase og er derfor ikke automatisk en stenidentitet.,needs_review
fortidsminder:97463,fortidsminder:97463,97463,Bautasten,"Stednr. 020509, lokalnr. 2",12.11921375,55.57189971,"Anlægstype Bautasten; systemnr 97463; stednr 020509; loknr 2; koordinat 55.57189971, 12.11921375.",Autoritativ registerobservation. En lokalitet kan beskrive flere sten eller en historisk fase og er derfor ikke automatisk en stenidentitet.,needs_review
fortidsminder:109522,fortidsminder:109522,109522,Runesten,"Stednr. 040104, lokalnr. 19",11.68839606,55.43416759,"Anlægstype Runesten; systemnr 109522; stednr 040104; loknr 19; koordinat 55.43416759, 11.68839606.",Autoritativ registerobservation. En lokalitet kan beskrive flere sten eller en historisk fase og er derfor ikke automatisk en stenidentitet.,needs_review
fortidsminder:111590,fortidsminder:111590,111590,Kirke,"Stednr. 040402, lokalnr. 42",11.34905869,55.28619407,"Anlægstype Kirke; systemnr 111590; stednr 040402; loknr 42; koordinat 55.28619407, 11.34905869.",Autoritativ registerobservation. En lokalitet kan beskrive flere sten eller en historisk fase og er derfor ikke automatisk en stenidentitet.,needs_review
fortidsminder:112649,fortidsminder:112649,112649,Runesten,"Stednr. 070510, lokalnr. 1",11.24937431,54.8167053,"Anlægstype Runesten; systemnr 112649; stednr 070510; loknr 1; koordinat 54.8167053, 11.24937431.",Autoritativ registerobservation. En lokalitet kan beskrive flere sten eller en historisk fase og er derfor ikke automatisk en stenidentitet.,needs_review
fortidsminder:112650,fortidsminder:112650,112650,Runesten,"Stednr. 070510, lokalnr. 1",11.24828483,54.81670752,"Anlægstype Runesten; systemnr 112650; stednr 070510; loknr 1; koordinat 54.81670752, 11.24828483.",Autoritativ registerobservation. En lokalitet kan beskrive flere sten eller en historisk fase og er derfor ikke automatisk en stenidentitet.,needs_review
fortidsminder:112651,fortidsminder:112651,112651,Runesten,"Stednr. 070510, lokalnr. 1",11.25175609,54.82062524,"Anlægstype Runesten; systemnr 112651; stednr 070510; loknr 1; koordinat 54.82062524, 11.25175609.",Autoritativ registerobservation. En lokalitet kan beskrive flere sten eller en historisk fase og er derfor ikke automatisk en stenidentitet.,needs_review
fortidsminder:119519,fortidsminder:119519,119519,Runesten,"Stednr. 230205, lokalnr. 95",9.88409912,54.95121267,"Anlægstype Runesten; systemnr 119519; stednr 230205; loknr 95; koordinat 54.95121267, 9.88409912.",Autoritativ registerobservation. En lokalitet kan beskrive flere sten eller en historisk fase og er derfor ikke automatisk en stenidentitet.,needs_review
fortidsminder:122744,fortidsminder:122744,122744,Bro,"Stednr. 060205, lokalnr. 214",14.9415454,55.0355264,"Anlægstype Bro; systemnr 122744; stednr 060205; loknr 214; koordinat 55.0355264, 14.9415454.",Autoritativ registerobservation. En lokalitet kan beskrive flere sten eller en historisk fase og er derfor ikke automatisk en stenidentitet.,needs_review
fortidsminder:122882,fortidsminder:122882,122882,Kirke,"Stednr. 060205, lokalnr. 166",14.91965082,55.07065087,"Anlægstype Kirke; systemnr 122882; stednr 060205; loknr 166; koordinat 55.07065087, 14.91965082.",Autoritativ registerobservation. En lokalitet kan beskrive flere sten eller en historisk fase og er derfor ikke automatisk en stenidentitet.,needs_review
fortidsminder:122899,fortidsminder:122899,122899,Kirke,"Stednr. 060303, lokalnr. 74",14.81496364,55.07389091,"Anlægstype Kirke; systemnr 122899; stednr 060303; loknr 74; koordinat 55.07389091, 14.81496364.",Autoritativ registerobservation. En lokalitet kan beskrive flere sten eller en historisk fase og er derfor ikke automatisk en stenidentitet.,needs_review
fortidsminder:123354,fortidsminder:123354,123354,Bautasten,"Stednr. 060304, lokalnr. 2",14.69858806,55.10071829,"Anlægstype Bautasten; systemnr 123354; stednr 060304; loknr 2; koordinat 55.10071829, 14.69858806.",Autoritativ registerobservation. En lokalitet kan beskrive flere sten eller en historisk fase og er derfor ikke automatisk en stenidentitet.,needs_review
fortidsminder:129770,fortidsminder:129770,129770,Runesten,"Stednr. 070316, lokalnr. 2",11.43730736,54.71541453,"Anlægstype Runesten; systemnr 129770; stednr 070316; loknr 2; koordinat 54.71541453, 11.43730736.",Autoritativ registerobservation. En lokalitet kan beskrive flere sten eller en historisk fase og er derfor ikke automatisk en stenidentitet.,needs_review
fortidsminder:130150,fortidsminder:130150,130150,Runesten,"Stednr. 080205, lokalnr. 73",10.06668429,55.25045406,"Anlægstype Runesten; systemnr 130150; stednr 080205; loknr 73; koordinat 55.25045406, 10.06668429.",Autoritativ registerobservation. En lokalitet kan beskrive flere sten eller en historisk fase og er derfor ikke automatisk en stenidentitet.,needs_review
fortidsminder:130151,fortidsminder:130151,130151,Runesten,"Stednr. 080207, lokalnr. 22",10.01412559,55.14906611,"Anlægstype Runesten; systemnr 130151; stednr 080207; loknr 22; koordinat 55.14906611, 10.01412559.",Autoritativ registerobservation. En lokalitet kan beskrive flere sten eller en historisk fase og er derfor ikke automatisk en stenidentitet.,needs_review
fortidsminder:130155,fortidsminder:130155,130155,Runesten,"Stednr. 080218, lokalnr. 29",9.98818486,55.22957404,"Anlægstype Runesten; systemnr 130155; stednr 080218; loknr 29; koordinat 55.22957404, 9.98818486.",Autoritativ registerobservation. En lokalitet kan beskrive flere sten eller en historisk fase og er derfor ikke automatisk en stenidentitet.,needs_review
fortidsminder:130156,fortidsminder:130156,130156,Runesten,"Stednr. 080205, lokalnr. 74",10.07294525,55.23934571,"Anlægstype Runesten; systemnr 130156; stednr 080205; loknr 74; koordinat 55.23934571, 10.07294525.",Autoritativ registerobservation. En lokalitet kan beskrive flere sten eller en historisk fase og er derfor ikke automatisk en stenidentitet.,needs_review
fortidsminder:130175,fortidsminder:130175,130175,Runesten,"Stednr. 080304, lokalnr. 24",10.37678912,55.4984759,"Anlægstype Runesten; systemnr 130175; stednr 080304; loknr 24; koordinat 55.4984759, 10.37678912.",Autoritativ registerobservation. En lokalitet kan beskrive flere sten eller en historisk fase og er derfor ikke automatisk en stenidentitet.,needs_review
fortidsminder:130180,fortidsminder:130180,130180,Runesten,"Stednr. 080506, lokalnr. 26",10.28297295,55.57315147,"Anlægstype Runesten; systemnr 130180; stednr 080506; loknr 26; koordinat 55.57315147, 10.28297295.",Autoritativ registerobservation. En lokalitet kan beskrive flere sten eller en historisk fase og er derfor ikke automatisk en stenidentitet.,needs_review
fortidsminder:130443,fortidsminder:130443,130443,Runesten,"Stednr. 090601, lokalnr. 76",10.71297155,55.35428613,"Anlægstype Runesten; systemnr 130443; stednr 090601; loknr 76; koordinat 55.35428613, 10.71297155.",Autoritativ registerobservation. En lokalitet kan beskrive flere sten eller en historisk fase og er derfor ikke automatisk en stenidentitet.,needs_review
fortidsminder:134619,fortidsminder:134619,134619,Runesten,"Stednr. 050507, lokalnr. 308",12.50968905,54.95619952,"Anlægstype Runesten; systemnr 134619; stednr 050507; loknr 308; koordinat 54.95619952, 12.50968905.",Autoritativ registerobservation. En lokalitet kan beskrive flere sten eller en historisk fase og er derfor ikke automatisk en stenidentitet.,needs_review
fortidsminder:135164,fortidsminder:135164,135164,Runesten,"Stednr. 230204, lokalnr. 76",9.91254941,54.88641392,"Anlægstype Runesten; systemnr 135164; stednr 230204; loknr 76; koordinat 54.88641392, 9.91254941.",Autoritativ registerobservation. En lokalitet kan beskrive flere sten eller en historisk fase og er derfor ikke automatisk en stenidentitet.,needs_review
fortidsminder:138963,fortidsminder:138963,138963,Runesten,"Stednr. 090501, lokalnr. 21",10.54445381,54.98911481,"Anlægstype Runesten; systemnr 138963; stednr 090501; loknr 21; koordinat 54.98911481, 10.54445381.",Autoritativ registerobservation. En lokalitet kan beskrive flere sten eller en historisk fase og er derfor ikke automatisk en stenidentitet.,needs_review
fortidsminder:141178,fortidsminder:141178,141178,Kirke,"Stednr. 130701, lokalnr. 35",9.62197819,56.37910088,"Anlægstype Kirke; systemnr 141178; stednr 130701; loknr 35; koordinat 56.37910088, 9.62197819.",Autoritativ registerobservation. En lokalitet kan beskrive flere sten eller en historisk fase og er derfor ikke automatisk en stenidentitet.,needs_review
fortidsminder:141462,fortidsminder:141462,141462,Runesten,"Stednr. 090515, lokalnr. 29",10.6223691,55.08779924,"Anlægstype Runesten; systemnr 141462; stednr 090515; loknr 29; koordinat 55.08779924, 10.6223691.",Autoritativ registerobservation. En lokalitet kan beskrive flere sten eller en historisk fase og er derfor ikke automatisk en stenidentitet.,needs_review
fortidsminder:142414,fortidsminder:142414,142414,Runesten,"Stednr. 080801, lokalnr. 13",10.47189574,55.33767409,"Anlægstype Runesten; systemnr 142414; stednr 080801; loknr 13; koordinat 55.33767409, 10.47189574.",Autoritativ registerobservation. En lokalitet kan beskrive flere sten eller en historisk fase og er derfor ikke automatisk en stenidentitet.,needs_review
fortidsminder:148036,fortidsminder:148036,148036,Runesten,"Stednr. 090618, lokalnr. 34",10.65478561,55.24504782,"Anlægstype Runesten; systemnr 148036; stednr 090618; loknr 34; koordinat 55.24504782, 10.65478561.",Autoritativ registerobservation. En lokalitet kan beskrive flere sten eller en historisk fase og er derfor ikke automatisk en stenidentitet.,needs_review
fortidsminder:148043,fortidsminder:148043,148043,Kirke,"Stednr. 090513, lokalnr. 140",10.56239653,55.07514728,"Anlægstype Kirke; systemnr 148043; stednr 090513; loknr 140; koordinat 55.07514728, 10.56239653.",Autoritativ registerobservation. En lokalitet kan beskrive flere sten eller en historisk fase og er derfor ikke automatisk en stenidentitet.,needs_review
fortidsminder:148737,fortidsminder:148737,148737,Runesten,"Stednr. 230304, lokalnr. 179",9.73997051,54.97873932,"Anlægstype Runesten; systemnr 148737; stednr 230304; loknr 179; koordinat 54.97873932, 9.73997051.",Autoritativ registerobservation. En lokalitet kan beskrive flere sten eller en historisk fase og er derfor ikke automatisk en stenidentitet.,needs_review
fortidsminder:163713,fortidsminder:163713,163713,Runesten,"Stednr. 090406, lokalnr. 19",10.24076707,55.09556492,"Anlægstype Runesten; systemnr 163713; stednr 090406; loknr 19; koordinat 55.09556492, 10.24076707.",Autoritativ registerobservation. En lokalitet kan beskrive flere sten eller en historisk fase og er derfor ikke automatisk en stenidentitet.,needs_review
fortidsminder:166470,fortidsminder:166470,166470,Runesten,"Stednr. 090107, lokalnr. 164",10.7176413,55.13028036,"Anlægstype Runesten; systemnr 166470; stednr 090107; loknr 164; koordinat 55.13028036, 10.7176413.",Autoritativ registerobservation. En lokalitet kan beskrive flere sten eller en historisk fase og er derfor ikke automatisk en stenidentitet.,needs_review
fortidsminder:170371,fortidsminder:170371,170371,Runesten,"Stednr. 190307, lokalnr. 193",9.09049981,55.43414927,"Anlægstype Runesten; systemnr 170371; stednr 190307; loknr 193; koordinat 55.43414927, 9.09049981.",Autoritativ registerobservation. En lokalitet kan beskrive flere sten eller en historisk fase og er derfor ikke automatisk en stenidentitet.,needs_review
fortidsminder:189461,fortidsminder:189461,189461,Runesten,"Stednr. 090404, lokalnr. 122",10.27795344,55.08225716,"Anlægstype Runesten; systemnr 189461; stednr 090404; loknr 122; koordinat 55.08225716, 10.27795344.",Autoritativ registerobservation. En lokalitet kan beskrive flere sten eller en historisk fase og er derfor ikke automatisk en stenidentitet.,needs_review
fortidsminder:189466,fortidsminder:189466,189466,Enkeltfund,"Stednr. 090507, lokalnr. 96",10.5845221,55.00755409,"Anlægstype Enkeltfund; systemnr 189466; stednr 090507; loknr 96; koordinat 55.00755409, 10.5845221.",Autoritativ registerobservation. En lokalitet kan beskrive flere sten eller en historisk fase og er derfor ikke automatisk en stenidentitet.,needs_review
fortidsminder:204677,fortidsminder:204677,204677,Runesten,"Stednr. 170601, lokalnr. 328",9.30060984,55.61953757,"Anlægstype Runesten; systemnr 204677; stednr 170601; loknr 328; koordinat 55.61953757, 9.30060984.",Autoritativ registerobservation. En lokalitet kan beskrive flere sten eller en historisk fase og er derfor ikke automatisk en stenidentitet.,needs_review
fortidsminder:207576,fortidsminder:207576,207576,Runesten,"Stednr. 050213, lokalnr. 250",11.90675372,55.00881077,"Anlægstype Runesten; systemnr 207576; stednr 050213; loknr 250; koordinat 55.00881077, 11.90675372.",Autoritativ registerobservation. En lokalitet kan beskrive flere sten eller en historisk fase og er derfor ikke automatisk en stenidentitet.,needs_review
fortidsminder:209897,fortidsminder:209897,209897,Runesten,"Stednr. 080209, lokalnr. 249",10.14853216,55.24246435,"Anlægstype Runesten; systemnr 209897; stednr 080209; loknr 249; koordinat 55.24246435, 10.14853216.",Autoritativ registerobservation. En lokalitet kan beskrive flere sten eller en historisk fase og er derfor ikke automatisk en stenidentitet.,needs_review
fortidsminder:220517,fortidsminder:220517,220517,Runesten,"Stednr. 120104, lokalnr. 131",10.0138582,56.91958258,"Anlægstype Runesten; systemnr 220517; stednr 120104; loknr 131; koordinat 56.91958258, 10.0138582.",Autoritativ registerobservation. En lokalitet kan beskrive flere sten eller en historisk fase og er derfor ikke automatisk en stenidentitet.,needs_review
fortidsminder:246267,fortidsminder:246267,246267,Runesten,"Stednr. 141006, lokalnr. 79",10.23182856,56.42157037,"Anlægstype Runesten; systemnr 246267; stednr 141006; loknr 79; koordinat 56.42157037, 10.23182856.",Autoritativ registerobservation. En lokalitet kan beskrive flere sten eller en historisk fase og er derfor ikke automatisk en stenidentitet.,needs_review
fortidsminder:246974,fortidsminder:246974,246974,Runesten,"Stednr. 020311, lokalnr. 107",12.60485232,55.60469389,"Anlægstype Runesten; systemnr 246974; stednr 020311; loknr 107; koordinat 55.60469389, 12.60485232.",Autoritativ registerobservation. En lokalitet kan beskrive flere sten eller en historisk fase og er derfor ikke automatisk en stenidentitet.,needs_review
fortidsminder:247961,fortidsminder:247961,247961,Runesten,"Stednr. 140510, lokalnr. 142",10.51167457,56.18186589,"Anlægstype Runesten; systemnr 247961; stednr 140510; loknr 142; koordinat 56.18186589, 10.51167457.",Autoritativ registerobservation. En lokalitet kan beskrive flere sten eller en historisk fase og er derfor ikke automatisk en stenidentitet.,needs_review
fortidsminder:257626,fortidsminder:257626,257626,Runesten,"Stednr. 050203, lokalnr. 137",11.95302727,55.12558445,"Anlægstype Runesten; systemnr 257626; stednr 050203; loknr 137; koordinat 55.12558445, 11.95302727.",Autoritativ registerobservation. En lokalitet kan beskrive flere sten eller en historisk fase og er derfor ikke automatisk en stenidentitet.,needs_review
fortidsminder:258118,fortidsminder:258118,258118,Runesten,"Stednr. 050204, lokalnr. 66",12.01457723,55.18830501,"Anlægstype Runesten; systemnr 258118; stednr 050204; loknr 66; koordinat 55.18830501, 12.01457723.",Autoritativ registerobservation. En lokalitet kan beskrive flere sten eller en historisk fase og er derfor ikke automatisk en stenidentitet.,needs_review
fortidsminder:258880,fortidsminder:258880,258880,Runesten,"Stednr. 150311, lokalnr. 501",10.20510122,56.15803038,"Anlægstype Runesten; systemnr 258880; stednr 150311; loknr 501; koordinat 56.15803038, 10.20510122.",Autoritativ registerobservation. En lokalitet kan beskrive flere sten eller en historisk fase og er derfor ikke automatisk en stenidentitet.,needs_review
