source_id,title,publisher,url,license,accessed_at
wikidata:Q10512684,Wikidata-entitet Q10512684,Wikimedia Foundation / Wikidata-bidragydere,https://www.wikidata.org/wiki/Special:EntityData/Q10512684.json,CC0 1.0,2026-09-07
wikidata:Q111181504,Wikidata-entitet Q111181504,Wikimedia Foundation / Wikidata-bidragydere,https://www.wikidata.org/wiki/Special:EntityData/Q111181504.json,CC0 1.0,2026-09-07
wikidata:Q12301173,Wikidata-entitet Q12301173,Wikimedia Foundation / Wikidata-bidragydere,https://www.wikidata.org/wiki/Special:EntityData/Q12301173.json,CC0 1.0,2026-09-07
wikidata:Q12302329,Wikidata-entitet Q12302329,Wikimedia Foundation / Wikidata-bidragydere,https://www.wikidata.org/wiki/Special:EntityData/Q12302329.json,CC0 1.0,2026-09-07
wikidata:Q12302557,Wikidata-entitet Q12302557,Wikimedia Foundation / Wikidata-bidragydere,https://www.wikidata.org/wiki/Special:EntityData/Q12302557.json,CC0 1.0,2026-09-07
wikidata:Q12303698,Wikidata-entitet Q12303698,Wikimedia Foundation / Wikidata-bidragydere,https://www.wikidata.org/wiki/Special:EntityData/Q12303698.json,CC0 1.0,2026-09-07
wikidata:Q12304199,Wikidata-entitet Q12304199,Wikimedia Foundation / Wikidata-bidragydere,https://www.wikidata.org/wiki/Special:EntityData/Q12304199.json,CC0 1.0,2026-09-07
wikidata:Q12304321,Wikidata-entitet Q12304321,Wikimedia Foundation / Wikidata-bidragydere,https://www.wikidata.org/wiki/Special:EntityData/Q12304321.json,CC0 1.0,2026-09-07
wikidata:Q12304773,Wikidata-entitet Q12304773,Wikimedia Foundation / Wikidata-bidragydere,https://www.wikidata.org/wiki/Special:EntityData/Q12304773.json,CC0 1.0,2026-09-07
wikidata:Q12304774,Wikidata-entitet Q12304774,Wikimedia Foundation / Wikidata-bidragydere,https://www.wikidata.org/wiki/Special:EntityData/Q12304774.json,CC0 1.0,2026-09-07
wikidata:Q12307054,Wikidata-entitet Q12307054,Wikimedia Foundation / Wikidata-bidragydere,https://www.wikidata.org/wiki/Special:EntityData/Q12307054.json,CC0 1.0,2026-09-07
wikidata:Q12309511,Wikidata-entitet Q12309511,Wikimedia Foundation / Wikidata-bidragydere,https://www.wikidata.org/wiki/Special:EntityData/Q12309511.json,CC0 1.0,2026-09-07
wikidata:Q12311099,Wikidata-entitet Q12311099,Wikimedia Foundation / Wikidata-bidragydere,https://www.wikidata.org/wiki/Special:EntityData/Q12311099.json,CC0 1.0,2026-09-07
wikidata:Q12311245,Wikidata-entitet Q12311245,Wikimedia Foundation / Wikidata-bidragydere,https://www.wikidata.org/wiki/Special:EntityData/Q12311245.json,CC0 1.0,2026-09-07
wikidata:Q12311487,Wikidata-entitet Q12311487,Wikimedia Foundation / Wikidata-bidragydere,https://www.wikidata.org/wiki/Special:EntityData/Q12311487.json,CC0 1.0,2026-09-07
wikidata:Q12311539,Wikidata-entitet Q12311539,Wikimedia Foundation / Wikidata-bidragydere,https://www.wikidata.org/wiki/Special:EntityData/Q12311539.json,CC0 1.0,2026-09-07
wikidata:Q12311542,Wikidata-entitet Q12311542,Wikimedia Foundation / Wikidata-bidragydere,https://www.wikidata.org/wiki/Special:EntityData/Q12311542.json,CC0 1.0,2026-09-07
wikidata:Q12311543,Wikidata-entitet Q12311543,Wikimedia Foundation / Wikidata-bidragydere,https://www.wikidata.org/wiki/Special:EntityData/Q12311543.json,CC0 1.0,2026-09-07
wikidata:Q12313944,Wikidata-entitet Q12313944,Wikimedia Foundation / Wikidata-bidragydere,https://www.wikidata.org/wiki/Special:EntityData/Q12313944.json,CC0 1.0,2026-09-07
wikidata:Q12314022,Wikidata-entitet Q12314022,Wikimedia Foundation / Wikidata-bidragydere,https://www.wikidata.org/wiki/Special:EntityData/Q12314022.json,CC0 1.0,2026-09-07
wikidata:Q12314023,Wikidata-entitet Q12314023,Wikimedia Foundation / Wikidata-bidragydere,https://www.wikidata.org/wiki/Special:EntityData/Q12314023.json,CC0 1.0,2026-09-07
wikidata:Q12314289,Wikidata-entitet Q12314289,Wikimedia Foundation / Wikidata-bidragydere,https://www.wikidata.org/wiki/Special:EntityData/Q12314289.json,CC0 1.0,2026-09-07
wikidata:Q12314604,Wikidata-entitet Q12314604,Wikimedia Foundation / Wikidata-bidragydere,https://www.wikidata.org/wiki/Special:EntityData/Q12314604.json,CC0 1.0,2026-09-07
wikidata:Q12314730,Wikidata-entitet Q12314730,Wikimedia Foundation / Wikidata-bidragydere,https://www.wikidata.org/wiki/Special:EntityData/Q12314730.json,CC0 1.0,2026-09-07
wikidata:Q12315109,Wikidata-entitet Q12315109,Wikimedia Foundation / Wikidata-bidragydere,https://www.wikidata.org/wiki/Special:EntityData/Q12315109.json,CC0 1.0,2026-09-07
wikidata:Q12316151,Wikidata-entitet Q12316151,Wikimedia Foundation / Wikidata-bidragydere,https://www.wikidata.org/wiki/Special:EntityData/Q12316151.json,CC0 1.0,2026-09-07
wikidata:Q12316896,Wikidata-entitet Q12316896,Wikimedia Foundation / Wikidata-bidragydere,https://www.wikidata.org/wiki/Special:EntityData/Q12316896.json,CC0 1.0,2026-09-07
wikidata:Q12316975,Wikidata-entitet Q12316975,Wikimedia Foundation / Wikidata-bidragydere,https://www.wikidata.org/wiki/Special:EntityData/Q12316975.json,CC0 1.0,2026-09-07
wikidata:Q12317220,Wikidata-entitet Q12317220,Wikimedia Foundation / Wikidata-bidragydere,https://www.wikidata.org/wiki/Special:EntityData/Q12317220.json,CC0 1.0,2026-09-07
wikidata:Q12317476,Wikidata-entitet Q12317476,Wikimedia Foundation / Wikidata-bidragydere,https://www.wikidata.org/wiki/Special:EntityData/Q12317476.json,CC0 1.0,2026-09-07
wikidata:Q12319704,Wikidata-entitet Q12319704,Wikimedia Foundation / Wikidata-bidragydere,https://www.wikidata.org/wiki/Special:EntityData/Q12319704.json,CC0 1.0,2026-09-07
wikidata:Q12322131,Wikidata-entitet Q12322131,Wikimedia Foundation / Wikidata-bidragydere,https://www.wikidata.org/wiki/Special:EntityData/Q12322131.json,CC0 1.0,2026-09-07
wikidata:Q12323762,Wikidata-entitet Q12323762,Wikimedia Foundation / Wikidata-bidragydere,https://www.wikidata.org/wiki/Special:EntityData/Q12323762.json,CC0 1.0,2026-09-07
wikidata:Q12325231,Wikidata-entitet Q12325231,Wikimedia Foundation / Wikidata-bidragydere,https://www.wikidata.org/wiki/Special:EntityData/Q12325231.json,CC0 1.0,2026-09-07
wikidata:Q12329667,Wikidata-entitet Q12329667,Wikimedia Foundation / Wikidata-bidragydere,https://www.wikidata.org/wiki/Special:EntityData/Q12329667.json,CC0 1.0,2026-09-07
wikidata:Q12332812,Wikidata-entitet Q12332812,Wikimedia Foundation / Wikidata-bidragydere,https://www.wikidata.org/wiki/Special:EntityData/Q12332812.json,CC0 1.0,2026-09-07
wikidata:Q12332995,Wikidata-entitet Q12332995,Wikimedia Foundation / Wikidata-bidragydere,https://www.wikidata.org/wiki/Special:EntityData/Q12332995.json,CC0 1.0,2026-09-07
wikidata:Q12332996,Wikidata-entitet Q12332996,Wikimedia Foundation / Wikidata-bidragydere,https://www.wikidata.org/wiki/Special:EntityData/Q12332996.json,CC0 1.0,2026-09-07
wikidata:Q12333980,Wikidata-entitet Q12333980,Wikimedia Foundation / Wikidata-bidragydere,https://www.wikidata.org/wiki/Special:EntityData/Q12333980.json,CC0 1.0,2026-09-07
wikidata:Q12333981,Wikidata-entitet Q12333981,Wikimedia Foundation / Wikidata-bidragydere,https://www.wikidata.org/wiki/Special:EntityData/Q12333981.json,CC0 1.0,2026-09-07
wikidata:Q12333982,Wikidata-entitet Q12333982,Wikimedia Foundation / Wikidata-bidragydere,https://www.wikidata.org/wiki/Special:EntityData/Q12333982.json,CC0 1.0,2026-09-07
wikidata:Q12333983,Wikidata-entitet Q12333983,Wikimedia Foundation / Wikidata-bidragydere,https://www.wikidata.org/wiki/Special:EntityData/Q12333983.json,CC0 1.0,2026-09-07
wikidata:Q12333984,Wikidata-entitet Q12333984,Wikimedia Foundation / Wikidata-bidragydere,https://www.wikidata.org/wiki/Special:EntityData/Q12333984.json,CC0 1.0,2026-09-07
wikidata:Q12334194,Wikidata-entitet Q12334194,Wikimedia Foundation / Wikidata-bidragydere,https://www.wikidata.org/wiki/Special:EntityData/Q12334194.json,CC0 1.0,2026-09-07
wikidata:Q12335438,Wikidata-entitet Q12335438,Wikimedia Foundation / Wikidata-bidragydere,https://www.wikidata.org/wiki/Special:EntityData/Q12335438.json,CC0 1.0,2026-09-07
wikidata:Q12335704,Wikidata-entitet Q12335704,Wikimedia Foundation / Wikidata-bidragydere,https://www.wikidata.org/wiki/Special:EntityData/Q12335704.json,CC0 1.0,2026-09-07
wikidata:Q12335796,Wikidata-entitet Q12335796,Wikimedia Foundation / Wikidata-bidragydere,https://www.wikidata.org/wiki/Special:EntityData/Q12335796.json,CC0 1.0,2026-09-07
wikidata:Q12336645,Wikidata-entitet Q12336645,Wikimedia Foundation / Wikidata-bidragydere,https://www.wikidata.org/wiki/Special:EntityData/Q12336645.json,CC0 1.0,2026-09-07
wikidata:Q12336725,Wikidata-entitet Q12336725,Wikimedia Foundation / Wikidata-bidragydere,https://www.wikidata.org/wiki/Special:EntityData/Q12336725.json,CC0 1.0,2026-09-07
wikidata:Q12336886,Wikidata-entitet Q12336886,Wikimedia Foundation / Wikidata-bidragydere,https://www.wikidata.org/wiki/Special:EntityData/Q12336886.json,CC0 1.0,2026-09-07
wikidata:Q12337097,Wikidata-entitet Q12337097,Wikimedia Foundation / Wikidata-bidragydere,https://www.wikidata.org/wiki/Special:EntityData/Q12337097.json,CC0 1.0,2026-09-07
wikidata:Q12337665,Wikidata-entitet Q12337665,Wikimedia Foundation / Wikidata-bidragydere,https://www.wikidata.org/wiki/Special:EntityData/Q12337665.json,CC0 1.0,2026-09-07
wikidata:Q12338391,Wikidata-entitet Q12338391,Wikimedia Foundation / Wikidata-bidragydere,https://www.wikidata.org/wiki/Special:EntityData/Q12338391.json,CC0 1.0,2026-09-07
wikidata:Q12338392,Wikidata-entitet Q12338392,Wikimedia Foundation / Wikidata-bidragydere,https://www.wikidata.org/wiki/Special:EntityData/Q12338392.json,CC0 1.0,2026-09-07
wikidata:Q12338394,Wikidata-entitet Q12338394,Wikimedia Foundation / Wikidata-bidragydere,https://www.wikidata.org/wiki/Special:EntityData/Q12338394.json,CC0 1.0,2026-09-07
wikidata:Q12338415,Wikidata-entitet Q12338415,Wikimedia Foundation / Wikidata-bidragydere,https://www.wikidata.org/wiki/Special:EntityData/Q12338415.json,CC0 1.0,2026-09-07
wikidata:Q12339965,Wikidata-entitet Q12339965,Wikimedia Foundation / Wikidata-bidragydere,https://www.wikidata.org/wiki/Special:EntityData/Q12339965.json,CC0 1.0,2026-09-07
wikidata:Q12340769,Wikidata-entitet Q12340769,Wikimedia Foundation / Wikidata-bidragydere,https://www.wikidata.org/wiki/Special:EntityData/Q12340769.json,CC0 1.0,2026-09-07
wikidata:Q12341160,Wikidata-entitet Q12341160,Wikimedia Foundation / Wikidata-bidragydere,https://www.wikidata.org/wiki/Special:EntityData/Q12341160.json,CC0 1.0,2026-09-07
wikidata:Q12342089,Wikidata-entitet Q12342089,Wikimedia Foundation / Wikidata-bidragydere,https://www.wikidata.org/wiki/Special:EntityData/Q12342089.json,CC0 1.0,2026-09-07
wikidata:Q12342090,Wikidata-entitet Q12342090,Wikimedia Foundation / Wikidata-bidragydere,https://www.wikidata.org/wiki/Special:EntityData/Q12342090.json,CC0 1.0,2026-09-07
wikidata:Q12342108,Wikidata-entitet Q12342108,Wikimedia Foundation / Wikidata-bidragydere,https://www.wikidata.org/wiki/Special:EntityData/Q12342108.json,CC0 1.0,2026-09-07
wikidata:Q12342840,Wikidata-entitet Q12342840,Wikimedia Foundation / Wikidata-bidragydere,https://www.wikidata.org/wiki/Special:EntityData/Q12342840.json,CC0 1.0,2026-09-07
wikidata:Q12343216,Wikidata-entitet Q12343216,Wikimedia Foundation / Wikidata-bidragydere,https://www.wikidata.org/wiki/Special:EntityData/Q12343216.json,CC0 1.0,2026-09-07
wikidata:Q12344293,Wikidata-entitet Q12344293,Wikimedia Foundation / Wikidata-bidragydere,https://www.wikidata.org/wiki/Special:EntityData/Q12344293.json,CC0 1.0,2026-09-07
wikidata:Q12344366,Wikidata-entitet Q12344366,Wikimedia Foundation / Wikidata-bidragydere,https://www.wikidata.org/wiki/Special:EntityData/Q12344366.json,CC0 1.0,2026-09-07
wikidata:Q124959546,Wikidata-entitet Q124959546,Wikimedia Foundation / Wikidata-bidragydere,https://www.wikidata.org/wiki/Special:EntityData/Q124959546.json,CC0 1.0,2026-09-07
wikidata:Q1308371,Wikidata-entitet Q1308371,Wikimedia Foundation / Wikidata-bidragydere,https://www.wikidata.org/wiki/Special:EntityData/Q1308371.json,CC0 1.0,2026-09-07
wikidata:Q131555051,Wikidata-entitet Q131555051,Wikimedia Foundation / Wikidata-bidragydere,https://www.wikidata.org/wiki/Special:EntityData/Q131555051.json,CC0 1.0,2026-09-07
wikidata:Q15052246,Wikidata-entitet Q15052246,Wikimedia Foundation / Wikidata-bidragydere,https://www.wikidata.org/wiki/Special:EntityData/Q15052246.json,CC0 1.0,2026-09-07
wikidata:Q1517645,Wikidata-entitet Q1517645,Wikimedia Foundation / Wikidata-bidragydere,https://www.wikidata.org/wiki/Special:EntityData/Q1517645.json,CC0 1.0,2026-09-07
wikidata:Q1557260,Wikidata-entitet Q1557260,Wikimedia Foundation / Wikidata-bidragydere,https://www.wikidata.org/wiki/Special:EntityData/Q1557260.json,CC0 1.0,2026-09-07
wikidata:Q1578728,Wikidata-entitet Q1578728,Wikimedia Foundation / Wikidata-bidragydere,https://www.wikidata.org/wiki/Special:EntityData/Q1578728.json,CC0 1.0,2026-09-07
wikidata:Q1605736,Wikidata-entitet Q1605736,Wikimedia Foundation / Wikidata-bidragydere,https://www.wikidata.org/wiki/Special:EntityData/Q1605736.json,CC0 1.0,2026-09-07
wikidata:Q16325069,Wikidata-entitet Q16325069,Wikimedia Foundation / Wikidata-bidragydere,https://www.wikidata.org/wiki/Special:EntityData/Q16325069.json,CC0 1.0,2026-09-07
wikidata:Q16325175,Wikidata-entitet Q16325175,Wikimedia Foundation / Wikidata-bidragydere,https://www.wikidata.org/wiki/Special:EntityData/Q16325175.json,CC0 1.0,2026-09-07
wikidata:Q1685112,Wikidata-entitet Q1685112,Wikimedia Foundation / Wikidata-bidragydere,https://www.wikidata.org/wiki/Special:EntityData/Q1685112.json,CC0 1.0,2026-09-07
wikidata:Q1719751,Wikidata-entitet Q1719751,Wikimedia Foundation / Wikidata-bidragydere,https://www.wikidata.org/wiki/Special:EntityData/Q1719751.json,CC0 1.0,2026-09-07
wikidata:Q17489421,Wikidata-entitet Q17489421,Wikimedia Foundation / Wikidata-bidragydere,https://www.wikidata.org/wiki/Special:EntityData/Q17489421.json,CC0 1.0,2026-09-07
wikidata:Q19978705,Wikidata-entitet Q19978705,Wikimedia Foundation / Wikidata-bidragydere,https://www.wikidata.org/wiki/Special:EntityData/Q19978705.json,CC0 1.0,2026-09-07
wikidata:Q21162313,Wikidata-entitet Q21162313,Wikimedia Foundation / Wikidata-bidragydere,https://www.wikidata.org/wiki/Special:EntityData/Q21162313.json,CC0 1.0,2026-09-07
wikidata:Q21162316,Wikidata-entitet Q21162316,Wikimedia Foundation / Wikidata-bidragydere,https://www.wikidata.org/wiki/Special:EntityData/Q21162316.json,CC0 1.0,2026-09-07
wikidata:Q21505005,Wikidata-entitet Q21505005,Wikimedia Foundation / Wikidata-bidragydere,https://www.wikidata.org/wiki/Special:EntityData/Q21505005.json,CC0 1.0,2026-09-07
wikidata:Q2176365,Wikidata-entitet Q2176365,Wikimedia Foundation / Wikidata-bidragydere,https://www.wikidata.org/wiki/Special:EntityData/Q2176365.json,CC0 1.0,2026-09-07
wikidata:Q2176377,Wikidata-entitet Q2176377,Wikimedia Foundation / Wikidata-bidragydere,https://www.wikidata.org/wiki/Special:EntityData/Q2176377.json,CC0 1.0,2026-09-07
wikidata:Q2176380,Wikidata-entitet Q2176380,Wikimedia Foundation / Wikidata-bidragydere,https://www.wikidata.org/wiki/Special:EntityData/Q2176380.json,CC0 1.0,2026-09-07
wikidata:Q2176383,Wikidata-entitet Q2176383,Wikimedia Foundation / Wikidata-bidragydere,https://www.wikidata.org/wiki/Special:EntityData/Q2176383.json,CC0 1.0,2026-09-07
wikidata:Q2176389,Wikidata-entitet Q2176389,Wikimedia Foundation / Wikidata-bidragydere,https://www.wikidata.org/wiki/Special:EntityData/Q2176389.json,CC0 1.0,2026-09-07
wikidata:Q2176394,Wikidata-entitet Q2176394,Wikimedia Foundation / Wikidata-bidragydere,https://www.wikidata.org/wiki/Special:EntityData/Q2176394.json,CC0 1.0,2026-09-07
wikidata:Q23199356,Wikidata-entitet Q23199356,Wikimedia Foundation / Wikidata-bidragydere,https://www.wikidata.org/wiki/Special:EntityData/Q23199356.json,CC0 1.0,2026-09-07
wikidata:Q2467776,Wikidata-entitet Q2467776,Wikimedia Foundation / Wikidata-bidragydere,https://www.wikidata.org/wiki/Special:EntityData/Q2467776.json,CC0 1.0,2026-09-07
wikidata:Q27042845,Wikidata-entitet Q27042845,Wikimedia Foundation / Wikidata-bidragydere,https://www.wikidata.org/wiki/Special:EntityData/Q27042845.json,CC0 1.0,2026-09-07
wikidata:Q30152214,Wikidata-entitet Q30152214,Wikimedia Foundation / Wikidata-bidragydere,https://www.wikidata.org/wiki/Special:EntityData/Q30152214.json,CC0 1.0,2026-09-07
wikidata:Q4804238,Wikidata-entitet Q4804238,Wikimedia Foundation / Wikidata-bidragydere,https://www.wikidata.org/wiki/Special:EntityData/Q4804238.json,CC0 1.0,2026-09-07
wikidata:Q4992047,Wikidata-entitet Q4992047,Wikimedia Foundation / Wikidata-bidragydere,https://www.wikidata.org/wiki/Special:EntityData/Q4992047.json,CC0 1.0,2026-09-07
wikidata:Q5219784,Wikidata-entitet Q5219784,Wikimedia Foundation / Wikidata-bidragydere,https://www.wikidata.org/wiki/Special:EntityData/Q5219784.json,CC0 1.0,2026-09-07
wikidata:Q5367788,Wikidata-entitet Q5367788,Wikimedia Foundation / Wikidata-bidragydere,https://www.wikidata.org/wiki/Special:EntityData/Q5367788.json,CC0 1.0,2026-09-07
wikidata:Q5618628,Wikidata-entitet Q5618628,Wikimedia Foundation / Wikidata-bidragydere,https://www.wikidata.org/wiki/Special:EntityData/Q5618628.json,CC0 1.0,2026-09-07
wikidata:Q65202278,Wikidata-entitet Q65202278,Wikimedia Foundation / Wikidata-bidragydere,https://www.wikidata.org/wiki/Special:EntityData/Q65202278.json,CC0 1.0,2026-09-07
wikidata:Q6810496,Wikidata-entitet Q6810496,Wikimedia Foundation / Wikidata-bidragydere,https://www.wikidata.org/wiki/Special:EntityData/Q6810496.json,CC0 1.0,2026-09-07
wikidata:Q7334511,Wikidata-entitet Q7334511,Wikimedia Foundation / Wikidata-bidragydere,https://www.wikidata.org/wiki/Special:EntityData/Q7334511.json,CC0 1.0,2026-09-07
wikidata:Q735597,Wikidata-entitet Q735597,Wikimedia Foundation / Wikidata-bidragydere,https://www.wikidata.org/wiki/Special:EntityData/Q735597.json,CC0 1.0,2026-09-07
wikidata:Q7666483,Wikidata-entitet Q7666483,Wikimedia Foundation / Wikidata-bidragydere,https://www.wikidata.org/wiki/Special:EntityData/Q7666483.json,CC0 1.0,2026-09-07
wikidata:Q871905,Wikidata-entitet Q871905,Wikimedia Foundation / Wikidata-bidragydere,https://www.wikidata.org/wiki/Special:EntityData/Q871905.json,CC0 1.0,2026-09-07
runor:74a0ec0a-efa2-4e14-a434-eef5cca00c78,Samnordisk runtextdatabas: DR 14,Uppsala universitet / Riksantikvarieämbetet,http://kulturarvsdata.se/uu/srdb/f89c1c5d-cdbe-455f-bfa2-efe76f9bc312,CC0 metadata via K-samsök,2026-09-07
runor:b748641e-06fb-483f-a799-fb99fa3fe160,Samnordisk runtextdatabas: DR 15,Uppsala universitet / Riksantikvarieämbetet,http://kulturarvsdata.se/uu/srdb/8a521940-b247-43e6-8027-482028f8494b,CC0 metadata via K-samsök,2026-09-07
runor:629bfe6b-385b-4f96-88be-4f5306665a69,Samnordisk runtextdatabas: DR 17,Uppsala universitet / Riksantikvarieämbetet,http://kulturarvsdata.se/uu/srdb/b9faa359-61b7-4ced-bb35-0e10daeb6c4b,CC0 metadata via K-samsök,2026-09-07
runor:16590752-2403-45ed-95e8-e1b71f6d2e28,Samnordisk runtextdatabas: DR 26,Uppsala universitet / Riksantikvarieämbetet,http://kulturarvsdata.se/uu/srdb/08f47b32-85c0-4e2d-a83c-811c9cd70dec,CC0 metadata via K-samsök,2026-09-07
runor:45ab61be-ccb7-4fbb-a5e8-f600dd68d43c,Samnordisk runtextdatabas: DR 29,Uppsala universitet / Riksantikvarieämbetet,http://kulturarvsdata.se/uu/srdb/4b474f44-0071-48bb-b1a3-683415951f22,CC0 metadata via K-samsök,2026-09-07
runor:2352febb-d4ae-4a50-91e3-2eced5194b9e,Samnordisk runtextdatabas: DR 30,Uppsala universitet / Riksantikvarieämbetet,http://kulturarvsdata.se/uu/srdb/6df65806-be24-4de1-aa7b-79b552d0225d,CC0 metadata via K-samsök,2026-09-07
runor:1b44d616-e655-4b44-89d7-1a015a4675e5,Samnordisk runtextdatabas: DR 32,Uppsala universitet / Riksantikvarieämbetet,http://kulturarvsdata.se/uu/srdb/8de1a9b0-a8ff-4ce3-8a09-13060d3f09f8,CC0 metadata via K-samsök,2026-09-07
runor:79b693c7-8184-4b7d-a760-cccdd8194483,Samnordisk runtextdatabas: DR 34,Uppsala universitet / Riksantikvarieämbetet,http://kulturarvsdata.se/uu/srdb/595180d4-ff95-4a68-8e03-8ed920b9e2af,CC0 metadata via K-samsök,2026-09-07
runor:3194247e-072c-4c1f-8554-a830f79ac978,Samnordisk runtextdatabas: DR 35,Uppsala universitet / Riksantikvarieämbetet,http://kulturarvsdata.se/uu/srdb/367dfca8-9dac-468d-8073-cda60a3db543,CC0 metadata via K-samsök,2026-09-07
runor:357f4e24-c106-45cf-9206-10ae9e07ed6a,Samnordisk runtextdatabas: DR 36,Uppsala universitet / Riksantikvarieämbetet,http://kulturarvsdata.se/uu/srdb/c82639ec-9a5e-4534-bc3b-9cb17f9527c4,CC0 metadata via K-samsök,2026-09-07
runor:0fc79c74-f8a1-4fc4-9a1f-d142ed160dc2,Samnordisk runtextdatabas: DR 37,Uppsala universitet / Riksantikvarieämbetet,http://kulturarvsdata.se/uu/srdb/a703fdf9-9480-4450-aa5e-c0dc5a3cac0f,CC0 metadata via K-samsök,2026-09-07
runor:58e61187-3976-4bae-befe-e13cc5ccd4b3,Samnordisk runtextdatabas: DR 39,Uppsala universitet / Riksantikvarieämbetet,http://kulturarvsdata.se/uu/srdb/2f1e3f05-c68f-40a1-84af-c95aee41da78,CC0 metadata via K-samsök,2026-09-07
runor:da1804d9-f416-44ea-ae01-06da63297ce2,Samnordisk runtextdatabas: DR 40,Uppsala universitet / Riksantikvarieämbetet,http://kulturarvsdata.se/uu/srdb/214b3db5-7332-4e5f-a441-71314129a7f1,CC0 metadata via K-samsök,2026-09-07
runor:77c29407-9f90-4792-9881-7e8f22b30cd2,Samnordisk runtextdatabas: DR 41,Uppsala universitet / Riksantikvarieämbetet,http://kulturarvsdata.se/uu/srdb/4ed033a9-1fc7-40d7-a252-84c9c3810f02,CC0 metadata via K-samsök,2026-09-07
runor:a4071a93-512a-47d0-b645-cb2757f08fe0,Samnordisk runtextdatabas: DR 42,Uppsala universitet / Riksantikvarieämbetet,http://kulturarvsdata.se/uu/srdb/0d45c79a-c0d6-4937-9663-f044b31fcc65,CC0 metadata via K-samsök,2026-09-07
runor:a2c9aceb-8c8e-46de-9be5-50691afdd38e,Samnordisk runtextdatabas: DR 44,Uppsala universitet / Riksantikvarieämbetet,http://kulturarvsdata.se/uu/srdb/190178ea-3ae8-4f28-a074-f074f6e6f237,CC0 metadata via K-samsök,2026-09-07
runor:b1b1efef-43c4-43b3-8ce0-5d80b654c20b,Samnordisk runtextdatabas: DR 46,Uppsala universitet / Riksantikvarieämbetet,http://kulturarvsdata.se/uu/srdb/7f421fd7-a9fb-4f9b-a573-22f428f1ed51,CC0 metadata via K-samsök,2026-09-07
runor:4bc0323d-0e83-4a4c-b1d4-d7a007de682b,Samnordisk runtextdatabas: DR 48,Uppsala universitet / Riksantikvarieämbetet,http://kulturarvsdata.se/uu/srdb/7c2656fe-856e-4eff-aca4-e8849ae7e3d9,CC0 metadata via K-samsök,2026-09-07
runor:64fb622a-d429-42c3-a08e-32be0f740b22,Samnordisk runtextdatabas: DR 53,Uppsala universitet / Riksantikvarieämbetet,http://kulturarvsdata.se/uu/srdb/03f52992-3b72-4156-a392-a28c8e80a41a,CC0 metadata via K-samsök,2026-09-07
runor:bac2d2b2-29b3-41bb-9da3-a55aa2951e06,Samnordisk runtextdatabas: DR 55,Uppsala universitet / Riksantikvarieämbetet,http://kulturarvsdata.se/uu/srdb/4c22d9e0-54c2-4c4f-a450-d9356bad1560,CC0 metadata via K-samsök,2026-09-07
runor:54199384-e677-4ec2-b671-d2c575e2a0e7,Samnordisk runtextdatabas: DR 56,Uppsala universitet / Riksantikvarieämbetet,http://kulturarvsdata.se/uu/srdb/265c75a0-10ed-40fd-88d7-9f825ca8be61,CC0 metadata via K-samsök,2026-09-07
runor:45853533-2622-4b1c-b128-dd61288e1e79,Samnordisk runtextdatabas: DR 58,Uppsala universitet / Riksantikvarieämbetet,http://kulturarvsdata.se/uu/srdb/23938c47-d8c8-4d6e-b4cc-367f5de8fb0d,CC0 metadata via K-samsök,2026-09-07
runor:b6283ba8-47f8-4eba-b46c-5a60f5a18b60,Samnordisk runtextdatabas: DR 62,Uppsala universitet / Riksantikvarieämbetet,http://kulturarvsdata.se/uu/srdb/6cc3e0f4-a3be-488c-a8ad-37ea6e1d5d06,CC0 metadata via K-samsök,2026-09-07
runor:40cdc855-5f36-4066-8498-1d1f38b2a068,Samnordisk runtextdatabas: DR 63,Uppsala universitet / Riksantikvarieämbetet,http://kulturarvsdata.se/uu/srdb/bad62dac-8c94-4980-b9e0-3c38aa574933,CC0 metadata via K-samsök,2026-09-07
runor:f91b1b5c-a84a-4ff6-baef-bb721062ece4,Samnordisk runtextdatabas: DR 65,Uppsala universitet / Riksantikvarieämbetet,http://kulturarvsdata.se/uu/srdb/410d6a08-cd3a-4cda-963f-8a3037d805aa,CC0 metadata via K-samsök,2026-09-07
runor:ad2a58b5-ff6f-44bc-bd72-75e090e0b7d9,Samnordisk runtextdatabas: DR 66,Uppsala universitet / Riksantikvarieämbetet,http://kulturarvsdata.se/uu/srdb/1dc76872-a5e6-472f-bb9d-4bbb7399b5ba,CC0 metadata via K-samsök,2026-09-07
runor:71ed6f6e-a578-446a-995b-f87e2edafd42,Samnordisk runtextdatabas: DR 67,Uppsala universitet / Riksantikvarieämbetet,http://kulturarvsdata.se/uu/srdb/b144893d-22e2-4957-9e1c-c8079c2c70fe,CC0 metadata via K-samsök,2026-09-07
runor:38588490-8aa5-49ff-9982-9ce290087e2e,Samnordisk runtextdatabas: DR 68,Uppsala universitet / Riksantikvarieämbetet,http://kulturarvsdata.se/uu/srdb/c6c33056-8efb-4c62-8ecb-ab21b6528794,CC0 metadata via K-samsök,2026-09-07
runor:f19367d2-1665-4ed0-810e-9833f61a85ee,Samnordisk runtextdatabas: DR 69,Uppsala universitet / Riksantikvarieämbetet,http://kulturarvsdata.se/uu/srdb/5db468d1-a970-4b99-860d-b94ebb7232e8,CC0 metadata via K-samsök,2026-09-07
runor:25bf7776-fae2-4187-be77-58c7f366b5a8,Samnordisk runtextdatabas: DR 70,Uppsala universitet / Riksantikvarieämbetet,http://kulturarvsdata.se/uu/srdb/395723a3-b726-4497-8f10-c5a478ebb3f8,CC0 metadata via K-samsök,2026-09-07
runor:24e85c78-0f28-4ab1-b1e6-3693ac4cd365,Samnordisk runtextdatabas: DR 77,Uppsala universitet / Riksantikvarieämbetet,http://kulturarvsdata.se/uu/srdb/7e80b981-1415-4eaa-bf5e-1a8229585735,CC0 metadata via K-samsök,2026-09-07
runor:fc7ba934-d6a7-4626-93bc-81ea7ffb602a,Samnordisk runtextdatabas: DR 78,Uppsala universitet / Riksantikvarieämbetet,http://kulturarvsdata.se/uu/srdb/a085a56f-0023-4cfa-8fc0-b0ac23d766ee,CC0 metadata via K-samsök,2026-09-07
runor:1d8f9d0b-ac9f-41f9-89e5-94a30e2c10c7,Samnordisk runtextdatabas: DR 79,Uppsala universitet / Riksantikvarieämbetet,http://kulturarvsdata.se/uu/srdb/c07056aa-5fc5-4c1a-926f-65ac48d3ef6c,CC0 metadata via K-samsök,2026-09-07
runor:214a238d-3339-4465-8742-3e183206f9b2,Samnordisk runtextdatabas: DR 80,Uppsala universitet / Riksantikvarieämbetet,http://kulturarvsdata.se/uu/srdb/3140146d-2f69-4d50-9467-6f75cf619279,CC0 metadata via K-samsök,2026-09-07
runor:19b0d907-f69b-4999-b689-6cce042fc566,Samnordisk runtextdatabas: DR 81,Uppsala universitet / Riksantikvarieämbetet,http://kulturarvsdata.se/uu/srdb/c6bafe95-4e6a-4929-a1a3-b97b5bfbc714,CC0 metadata via K-samsök,2026-09-07
runor:9e2fb4f1-978e-4255-9057-eb6fefd75aa1,Samnordisk runtextdatabas: DR 82,Uppsala universitet / Riksantikvarieämbetet,http://kulturarvsdata.se/uu/srdb/217da468-dd00-4ac2-90d5-9112bc4894a2,CC0 metadata via K-samsök,2026-09-07
runor:5ea04dc3-8790-4f86-b63f-021dd13397ca,Samnordisk runtextdatabas: DR 83,Uppsala universitet / Riksantikvarieämbetet,http://kulturarvsdata.se/uu/srdb/df9d0a18-ff19-42ab-856d-18f9379c1562,CC0 metadata via K-samsök,2026-09-07
runor:eff55327-47fa-40cb-90ad-6c7630843785,Samnordisk runtextdatabas: DR 84,Uppsala universitet / Riksantikvarieämbetet,http://kulturarvsdata.se/uu/srdb/f04e64e1-eadf-40c0-bb50-d8bc59262b9b,CC0 metadata via K-samsök,2026-09-07
runor:dea278d2-e2ba-450c-ab3c-749e36c54bd1,Samnordisk runtextdatabas: DR 85,Uppsala universitet / Riksantikvarieämbetet,http://kulturarvsdata.se/uu/srdb/15d2f95b-3f21-44bf-a1ea-7183955fb3a8,CC0 metadata via K-samsök,2026-09-07
runor:c0d345c5-db95-4975-bfc2-1ed070b7b1c2,Samnordisk runtextdatabas: DR 86,Uppsala universitet / Riksantikvarieämbetet,http://kulturarvsdata.se/uu/srdb/0598c6ba-b7c7-464e-b128-aa2963d00f0e,CC0 metadata via K-samsök,2026-09-07
runor:6189c067-017a-4114-8689-b86bb244183a,Samnordisk runtextdatabas: DR 87,Uppsala universitet / Riksantikvarieämbetet,http://kulturarvsdata.se/uu/srdb/74e937a4-b993-41ee-84ef-e7c25989ee7b,CC0 metadata via K-samsök,2026-09-07
runor:a16865e7-323b-4ce4-8b00-95afb8e168e0,Samnordisk runtextdatabas: DR 88,Uppsala universitet / Riksantikvarieämbetet,http://kulturarvsdata.se/uu/srdb/eea216fe-c19c-4014-99cc-8fdb699dad14,CC0 metadata via K-samsök,2026-09-07
runor:130e7e27-c96b-48f4-9899-1d651b6c3bea,Samnordisk runtextdatabas: DR 89,Uppsala universitet / Riksantikvarieämbetet,http://kulturarvsdata.se/uu/srdb/01385e9a-0ced-4e1a-8524-62338f98de74,CC0 metadata via K-samsök,2026-09-07
runor:5bf80076-9eb4-4f10-aa1d-63e298c0eda9,Samnordisk runtextdatabas: DR 90,Uppsala universitet / Riksantikvarieämbetet,http://kulturarvsdata.se/uu/srdb/34be7159-117c-4ffd-a3a9-c662b5bcf229,CC0 metadata via K-samsök,2026-09-07
runor:fc4b96e8-56d9-4618-843b-081ef1331134,Samnordisk runtextdatabas: DR 91,Uppsala universitet / Riksantikvarieämbetet,http://kulturarvsdata.se/uu/srdb/58a6cedf-ff5b-4139-8d8b-0c71d702a8ec,CC0 metadata via K-samsök,2026-09-07
runor:2640f170-c9db-47a4-9e4b-cc4ecb110fd9,Samnordisk runtextdatabas: DR 93,Uppsala universitet / Riksantikvarieämbetet,http://kulturarvsdata.se/uu/srdb/284aae95-cd12-47cc-972e-1ed037504840,CC0 metadata via K-samsök,2026-09-07
runor:edb40219-1986-4d95-af6b-03af80aa240f,Samnordisk runtextdatabas: DR 94,Uppsala universitet / Riksantikvarieämbetet,http://kulturarvsdata.se/uu/srdb/7a86fca8-1920-43e6-8e24-cdf77738569e,CC0 metadata via K-samsök,2026-09-07
runor:8a9892c7-b9b6-494a-8a5b-198a56e5f643,Samnordisk runtextdatabas: DR 95,Uppsala universitet / Riksantikvarieämbetet,http://kulturarvsdata.se/uu/srdb/a699fc18-ef51-47f1-9a0f-ebf31bbb9341,CC0 metadata via K-samsök,2026-09-07
runor:9595b950-3889-4f9d-a5c8-d75c0505bf6f,Samnordisk runtextdatabas: DR 96,Uppsala universitet / Riksantikvarieämbetet,http://kulturarvsdata.se/uu/srdb/a90547a2-ae1d-41ad-ad31-deea8b1d5407,CC0 metadata via K-samsök,2026-09-07
runor:24b28003-cb92-4416-8ef8-952718ff9bad,Samnordisk runtextdatabas: DR 97,Uppsala universitet / Riksantikvarieämbetet,http://kulturarvsdata.se/uu/srdb/5915ab7b-e0d3-4332-979e-cc21dc131f7b,CC0 metadata via K-samsök,2026-09-07
runor:a0cd04bd-3742-4898-b1c7-1c831f7f0f44,Samnordisk runtextdatabas: DR 98,Uppsala universitet / Riksantikvarieämbetet,http://kulturarvsdata.se/uu/srdb/28028336-2778-4b6e-b511-e87750a2b5c9,CC0 metadata via K-samsök,2026-09-07
runor:0efb1b8c-128b-4a84-a031-46084ebe19df,Samnordisk runtextdatabas: DR 99,Uppsala universitet / Riksantikvarieämbetet,http://kulturarvsdata.se/uu/srdb/76ef0c40-1b02-4af4-bb01-cd7ab92bf435,CC0 metadata via K-samsök,2026-09-07
runor:f8cb762f-a021-4b2b-8cdd-9299633ab818,Samnordisk runtextdatabas: DR 105,Uppsala universitet / Riksantikvarieämbetet,http://kulturarvsdata.se/uu/srdb/ba583622-7121-4ca6-baa3-c87c0b0a4d17,CC0 metadata via K-samsök,2026-09-07
runor:cecb2eac-93d2-4441-a317-af1c2f4c469e,Samnordisk runtextdatabas: DR 106,Uppsala universitet / Riksantikvarieämbetet,http://kulturarvsdata.se/uu/srdb/d7e86dfd-26e1-4836-9d28-968859798421,CC0 metadata via K-samsök,2026-09-07
runor:2618c4b5-df23-4ca8-a33b-cd871b818863,Samnordisk runtextdatabas: DR 107,Uppsala universitet / Riksantikvarieämbetet,http://kulturarvsdata.se/uu/srdb/6b572819-4e60-4ed0-b0d1-a5c251286dc5,CC0 metadata via K-samsök,2026-09-07
runor:236a0fe8-77cd-47c2-8142-4d598f3764ee,Samnordisk runtextdatabas: DR 108,Uppsala universitet / Riksantikvarieämbetet,http://kulturarvsdata.se/uu/srdb/bdf1f042-0aee-4403-8c42-af47eb4ddb47,CC0 metadata via K-samsök,2026-09-07
runor:98bad85e-6fb5-447c-b424-014a51101d94,Samnordisk runtextdatabas: DR 109,Uppsala universitet / Riksantikvarieämbetet,http://kulturarvsdata.se/uu/srdb/c7c1224e-eba7-41c2-bad3-50b66a84199d,CC0 metadata via K-samsök,2026-09-07
runor:43f4c5f4-5ac4-4d98-ae1f-1b500142cfe6,Samnordisk runtextdatabas: DR 110,Uppsala universitet / Riksantikvarieämbetet,http://kulturarvsdata.se/uu/srdb/38379b06-7ddb-404b-b0ee-cb65cdee6558,CC0 metadata via K-samsök,2026-09-07
runor:485f235f-c89e-4197-a172-0b73ca0715d9,Samnordisk runtextdatabas: DR 112,Uppsala universitet / Riksantikvarieämbetet,http://kulturarvsdata.se/uu/srdb/e40e4355-f8c8-4d02-aa51-22e98795fa27,CC0 metadata via K-samsök,2026-09-07
runor:0f7aacc3-a176-44f9-bb80-89a8be3f3816,Samnordisk runtextdatabas: DR 113,Uppsala universitet / Riksantikvarieämbetet,http://kulturarvsdata.se/uu/srdb/822a0381-979f-4219-9ff9-b2b5818c708c,CC0 metadata via K-samsök,2026-09-07
runor:c4d246dc-a9d7-4ef9-9005-9bbac817116d,Samnordisk runtextdatabas: DR 114,Uppsala universitet / Riksantikvarieämbetet,http://kulturarvsdata.se/uu/srdb/0612ae7f-0b36-4237-a363-795001e7f1b7,CC0 metadata via K-samsök,2026-09-07
runor:0c39f868-1dbe-412d-9dbf-3ac8cde7484c,Samnordisk runtextdatabas: DR 115,Uppsala universitet / Riksantikvarieämbetet,http://kulturarvsdata.se/uu/srdb/a5c1e81b-c8e5-4152-a516-fa0268835f51,CC0 metadata via K-samsök,2026-09-07
runor:015fa351-f1e1-44b0-8bad-817640c1f934,Samnordisk runtextdatabas: DR 116,Uppsala universitet / Riksantikvarieämbetet,http://kulturarvsdata.se/uu/srdb/f5d2abb4-b62b-42dc-9573-b563171d11f7,CC0 metadata via K-samsök,2026-09-07
runor:dd60a939-8e31-4d83-b4d7-221737828117,Samnordisk runtextdatabas: DR 117,Uppsala universitet / Riksantikvarieämbetet,http://kulturarvsdata.se/uu/srdb/248bef3c-74a7-4ead-ada7-8eca3460a803,CC0 metadata via K-samsök,2026-09-07
runor:96edf55f-525d-49b8-86ed-9302dddc5c49,Samnordisk runtextdatabas: DR 118,Uppsala universitet / Riksantikvarieämbetet,http://kulturarvsdata.se/uu/srdb/685aa01c-05d4-4e9f-81ca-4ca30b47ac10,CC0 metadata via K-samsök,2026-09-07
runor:03b56a25-42a0-47fa-91b3-f19dc97aabf6,Samnordisk runtextdatabas: DR 119,Uppsala universitet / Riksantikvarieämbetet,http://kulturarvsdata.se/uu/srdb/2589648d-328f-4c6c-a337-20d25a072828,CC0 metadata via K-samsök,2026-09-07
runor:21259d8d-1421-4140-a8a3-dad7b66e3bb7,Samnordisk runtextdatabas: DR 120,Uppsala universitet / Riksantikvarieämbetet,http://kulturarvsdata.se/uu/srdb/f76849fa-d1d2-4e9c-8805-4c32ee3b5737,CC0 metadata via K-samsök,2026-09-07
runor:a96a7568-0b89-4239-aeba-03e5101b43f9,Samnordisk runtextdatabas: DR 121,Uppsala universitet / Riksantikvarieämbetet,http://kulturarvsdata.se/uu/srdb/c791fa8d-3450-4490-ade2-f7245318f70f,CC0 metadata via K-samsök,2026-09-07
runor:6b52f061-652b-4722-94e6-958bb40ee525,Samnordisk runtextdatabas: DR 122,Uppsala universitet / Riksantikvarieämbetet,http://kulturarvsdata.se/uu/srdb/74d51f1a-777b-485b-8482-27151cd7430b,CC0 metadata via K-samsök,2026-09-07
runor:5a2c2921-2ce4-401c-8072-dba2e963c6b8,Samnordisk runtextdatabas: DR 123,Uppsala universitet / Riksantikvarieämbetet,http://kulturarvsdata.se/uu/srdb/51b2b7f5-c747-4f95-addb-c2492a974aec,CC0 metadata via K-samsök,2026-09-07
runor:2c239513-e618-4ff8-b370-6586e5d687bd,Samnordisk runtextdatabas: DR 124,Uppsala universitet / Riksantikvarieämbetet,http://kulturarvsdata.se/uu/srdb/2b437ff0-8d9e-49ef-9508-0fd149baa62d,CC0 metadata via K-samsök,2026-09-07
runor:b92f059d-c887-4f05-89f0-1fbf025df034,Samnordisk runtextdatabas: DR 125,Uppsala universitet / Riksantikvarieämbetet,http://kulturarvsdata.se/uu/srdb/3e847397-76f6-4d73-94ee-a8d70177feff,CC0 metadata via K-samsök,2026-09-07
runor:b3cc6203-5851-411b-a077-fb2b62f6dd44,Samnordisk runtextdatabas: DR 126,Uppsala universitet / Riksantikvarieämbetet,http://kulturarvsdata.se/uu/srdb/7e00fab3-9e64-4777-905c-01d9644c540b,CC0 metadata via K-samsök,2026-09-07
runor:ec14a331-0495-4c06-9c11-82d26cf4048f,Samnordisk runtextdatabas: DR 127,Uppsala universitet / Riksantikvarieämbetet,http://kulturarvsdata.se/uu/srdb/ae3bce7a-e26c-4c1d-92e5-19a5dec5306a,CC0 metadata via K-samsök,2026-09-07
runor:2a128d22-9095-4e85-a20e-94233752717e,Samnordisk runtextdatabas: DR 129,Uppsala universitet / Riksantikvarieämbetet,http://kulturarvsdata.se/uu/srdb/fda1ef7f-c940-4e77-ac5b-60f8192b4a33,CC0 metadata via K-samsök,2026-09-07
runor:4b6c325c-2363-44f6-b3c5-7572afeff57f,Samnordisk runtextdatabas: DR 130,Uppsala universitet / Riksantikvarieämbetet,http://kulturarvsdata.se/uu/srdb/5330a183-4025-4373-b28e-aafe75a63f2d,CC0 metadata via K-samsök,2026-09-07
runor:880dbe8b-8861-4a99-865f-acb045718645,Samnordisk runtextdatabas: DR 131,Uppsala universitet / Riksantikvarieämbetet,http://kulturarvsdata.se/uu/srdb/adbd36b3-40c7-4cd2-9320-9c12d631ef46,CC0 metadata via K-samsök,2026-09-07
runor:b512fb7b-86c4-4d47-9fc1-9062a70c4828,Samnordisk runtextdatabas: DR 132,Uppsala universitet / Riksantikvarieämbetet,http://kulturarvsdata.se/uu/srdb/a227fba1-c75c-44e8-a2eb-2bf3fe1e144d,CC0 metadata via K-samsök,2026-09-07
runor:cbbdc0e8-a05b-473a-91ed-7bbf8ef7854e,Samnordisk runtextdatabas: DR 133,Uppsala universitet / Riksantikvarieämbetet,http://kulturarvsdata.se/uu/srdb/71bf368d-a34b-4398-b0a4-db57e55912e7,CC0 metadata via K-samsök,2026-09-07
runor:45ff65a2-12ed-4983-84ca-8c4e284f1d47,Samnordisk runtextdatabas: DR 134,Uppsala universitet / Riksantikvarieämbetet,http://kulturarvsdata.se/uu/srdb/c1e1b00a-ed65-4167-a711-02dad1249bb1,CC0 metadata via K-samsök,2026-09-07
runor:28a79141-ef3c-4920-a2a4-39e6b5c4940f,Samnordisk runtextdatabas: DR 135,Uppsala universitet / Riksantikvarieämbetet,http://kulturarvsdata.se/uu/srdb/7abc9181-55a6-4219-a4f9-7fd10637f7b5,CC0 metadata via K-samsök,2026-09-07
runor:8a1b746d-1626-4df2-baad-e6d31c90fc7b,Samnordisk runtextdatabas: DR 138,Uppsala universitet / Riksantikvarieämbetet,http://kulturarvsdata.se/uu/srdb/8dbe6f00-7fcd-42c2-8319-b752f38f0e5d,CC0 metadata via K-samsök,2026-09-07
runor:bace5343-def7-4f9b-823b-c989d2635260,Samnordisk runtextdatabas: DR 140,Uppsala universitet / Riksantikvarieämbetet,http://kulturarvsdata.se/uu/srdb/2e2b65d2-80b0-491d-be4c-ea16e88d429b,CC0 metadata via K-samsök,2026-09-07
runor:53174ebf-338e-47df-b738-e6d4cc49bed8,Samnordisk runtextdatabas: DR 143,Uppsala universitet / Riksantikvarieämbetet,http://kulturarvsdata.se/uu/srdb/742f7358-d8bd-4f0e-8faf-ff4d5f52f02b,CC0 metadata via K-samsök,2026-09-07
runor:9fd44746-1cc6-4bfd-a991-607f82aba4a0,Samnordisk runtextdatabas: DR 144,Uppsala universitet / Riksantikvarieämbetet,http://kulturarvsdata.se/uu/srdb/880d8e13-238d-4cf8-b54a-eaae47c4a978,CC0 metadata via K-samsök,2026-09-07
runor:7bab6077-377d-4ca1-9b9b-ea973d5ad929,Samnordisk runtextdatabas: DR 145,Uppsala universitet / Riksantikvarieämbetet,http://kulturarvsdata.se/uu/srdb/f24d63b2-2100-4995-aa8d-f39cbe592690,CC0 metadata via K-samsök,2026-09-07
runor:83b66234-2a61-4b8f-bdd7-d726a9f8d2ac,Samnordisk runtextdatabas: DR 146,Uppsala universitet / Riksantikvarieämbetet,http://kulturarvsdata.se/uu/srdb/0e83d636-ba00-4820-a32b-6b13aabd9390,CC0 metadata via K-samsök,2026-09-07
runor:98dda75a-66c5-455c-bd09-b775408d1624,Samnordisk runtextdatabas: DR 147,Uppsala universitet / Riksantikvarieämbetet,http://kulturarvsdata.se/uu/srdb/25d23bac-e7be-4191-a03a-450372c5b76b,CC0 metadata via K-samsök,2026-09-07
runor:3527b52c-20c6-4637-8e69-07234c6b24e1,Samnordisk runtextdatabas: DR 149,Uppsala universitet / Riksantikvarieämbetet,http://kulturarvsdata.se/uu/srdb/ec5af176-ad18-45c7-92b8-17b7a63d7f25,CC0 metadata via K-samsök,2026-09-07
runor:7ab96cf1-4c56-46ab-bd3d-3a0ca6964964,Samnordisk runtextdatabas: DR 150,Uppsala universitet / Riksantikvarieämbetet,http://kulturarvsdata.se/uu/srdb/04776787-0cf1-4b5f-9523-fb584f338a9d,CC0 metadata via K-samsök,2026-09-07
runor:c3bbe4f6-87af-4853-9118-c1d3e5a1966c,Samnordisk runtextdatabas: DR 154,Uppsala universitet / Riksantikvarieämbetet,http://kulturarvsdata.se/uu/srdb/9fbda70c-0977-4505-b6ae-4515cbf78d1d,CC0 metadata via K-samsök,2026-09-07
runor:fc4ada66-c2a2-4676-a3db-75e3ebd0d2a5,Samnordisk runtextdatabas: DR 155,Uppsala universitet / Riksantikvarieämbetet,http://kulturarvsdata.se/uu/srdb/5d2c537c-412b-4dd2-9852-78d18e185461,CC0 metadata via K-samsök,2026-09-07
runor:0dd1f4bf-6687-465c-b629-c3d36e641e17,Samnordisk runtextdatabas: DR 160,Uppsala universitet / Riksantikvarieämbetet,http://kulturarvsdata.se/uu/srdb/8a11c9a6-6c0a-43cd-8317-60a786b872bb,CC0 metadata via K-samsök,2026-09-07
runor:a4b6b79a-20e6-4077-95b2-7f0ec650ec60,Samnordisk runtextdatabas: DR 161,Uppsala universitet / Riksantikvarieämbetet,http://kulturarvsdata.se/uu/srdb/18bdb735-f34a-4771-bf13-a687273fae86,CC0 metadata via K-samsök,2026-09-07
runor:92e5af57-e1c0-4ca7-a918-a065b5e27403,Samnordisk runtextdatabas: DR 163,Uppsala universitet / Riksantikvarieämbetet,http://kulturarvsdata.se/uu/srdb/0df80a64-ab87-4dbe-b1f1-445a4cfda1ff,CC0 metadata via K-samsök,2026-09-07
runor:90e25bcf-d130-49f4-bdec-97b044558b63,Samnordisk runtextdatabas: DR 164,Uppsala universitet / Riksantikvarieämbetet,http://kulturarvsdata.se/uu/srdb/e505bfbf-cabd-4cf2-866b-24450c9eb895,CC0 metadata via K-samsök,2026-09-07
runor:133452e6-a206-4e22-8f38-97ccd5dd01e7,Samnordisk runtextdatabas: DR 187,Uppsala universitet / Riksantikvarieämbetet,http://kulturarvsdata.se/uu/srdb/dd27bdff-243e-494c-b40f-6b59f33724eb,CC0 metadata via K-samsök,2026-09-07
runor:47ebd61a-a885-4f00-943f-adfe78da8496,Samnordisk runtextdatabas: DR 188,Uppsala universitet / Riksantikvarieämbetet,http://kulturarvsdata.se/uu/srdb/90c754bf-911a-4f5f-8dc5-93e5c1d68ef5,CC0 metadata via K-samsök,2026-09-07
runor:ea7d7d53-5dfb-4e58-99e3-ec98d0e11185,Samnordisk runtextdatabas: DR 189,Uppsala universitet / Riksantikvarieämbetet,http://kulturarvsdata.se/uu/srdb/e5eb0444-fdb5-478e-b883-68ea48a2b9ce,CC0 metadata via K-samsök,2026-09-07
runor:775f97be-74c3-4ac7-9bd1-7cd396e15bae,Samnordisk runtextdatabas: DR 190,Uppsala universitet / Riksantikvarieämbetet,http://kulturarvsdata.se/uu/srdb/1191a268-b070-4949-842c-d27eeb4dab8e,CC0 metadata via K-samsök,2026-09-07
runor:2aa9ae59-cabc-42c0-be35-a639df65272e,Samnordisk runtextdatabas: DR 191,Uppsala universitet / Riksantikvarieämbetet,http://kulturarvsdata.se/uu/srdb/3bd9e2de-db97-48be-92d3-cd1dca44192a,CC0 metadata via K-samsök,2026-09-07
runor:72a77d1e-128a-4923-9000-510fc83cb93b,Samnordisk runtextdatabas: DR 192,Uppsala universitet / Riksantikvarieämbetet,http://kulturarvsdata.se/uu/srdb/16a5a130-a7a8-4280-af76-9ef24d03e881,CC0 metadata via K-samsök,2026-09-07
runor:414c531e-1f41-4c65-81bd-bcd8cac6e249,Samnordisk runtextdatabas: DR 193,Uppsala universitet / Riksantikvarieämbetet,http://kulturarvsdata.se/uu/srdb/cae93405-8d55-4595-8e00-6bc09429d6b3,CC0 metadata via K-samsök,2026-09-07
runor:2220a719-318a-424f-b68e-0d1ed9bf4039,Samnordisk runtextdatabas: DR 202,Uppsala universitet / Riksantikvarieämbetet,http://kulturarvsdata.se/uu/srdb/6789fd74-9f35-4bad-a9d3-ff9ea8add9e3,CC0 metadata via K-samsök,2026-09-07
runor:c77608b2-60c2-4fec-ba5d-d74755ad7c72,Samnordisk runtextdatabas: DR 209,Uppsala universitet / Riksantikvarieämbetet,http://kulturarvsdata.se/uu/srdb/8a2934e0-e190-41b9-b25a-36373f3bc1bc,CC0 metadata via K-samsök,2026-09-07
runor:6207b2aa-88af-41fe-b668-b8feaeb1f6ac,Samnordisk runtextdatabas: DR 210,Uppsala universitet / Riksantikvarieämbetet,http://kulturarvsdata.se/uu/srdb/2424dde3-ee65-475b-b792-37710dc0a866,CC0 metadata via K-samsök,2026-09-07
runor:c01f1c24-56f1-4cba-b9d1-c4568ba6bbf1,Samnordisk runtextdatabas: DR 211,Uppsala universitet / Riksantikvarieämbetet,http://kulturarvsdata.se/uu/srdb/f58ea5ce-a024-4cc0-82fb-f469b0bea6b4,CC0 metadata via K-samsök,2026-09-07
runor:bbd1effa-0f2f-4678-b408-a7969f6a2380,Samnordisk runtextdatabas: DR 212,Uppsala universitet / Riksantikvarieämbetet,http://kulturarvsdata.se/uu/srdb/287c389a-ade3-4bde-b3d1-4a1dde6deaec,CC0 metadata via K-samsök,2026-09-07
runor:3e0fb440-8eba-4384-ac97-87170982ba8c,Samnordisk runtextdatabas: DR 213,Uppsala universitet / Riksantikvarieämbetet,http://kulturarvsdata.se/uu/srdb/b1c4555e-466b-4a03-ac58-a4dc319a9b90,CC0 metadata via K-samsök,2026-09-07
runor:dadb8761-02cb-4232-9b65-eeef3f75c93f,Samnordisk runtextdatabas: DR 216,Uppsala universitet / Riksantikvarieämbetet,http://kulturarvsdata.se/uu/srdb/083912b5-0ab8-48ea-a6ff-d29f35479b66,CC0 metadata via K-samsök,2026-09-07
runor:b59ae32b-827f-400f-aa24-ae7d3eb19700,Samnordisk runtextdatabas: DR 217,Uppsala universitet / Riksantikvarieämbetet,http://kulturarvsdata.se/uu/srdb/846b6451-2bd6-402b-a2c4-557bc50d6e7f,CC0 metadata via K-samsök,2026-09-07
runor:99f52fe5-e740-4c7a-8eaf-a1f2147e0686,Samnordisk runtextdatabas: DR 218,Uppsala universitet / Riksantikvarieämbetet,http://kulturarvsdata.se/uu/srdb/c8a40755-b363-44d0-9bf6-cc8c07106f84,CC0 metadata via K-samsök,2026-09-07
runor:42ff2fa4-5d8b-4975-bbdf-fabd7b492eb3,Samnordisk runtextdatabas: DR 219,Uppsala universitet / Riksantikvarieämbetet,http://kulturarvsdata.se/uu/srdb/d6b9ece9-b5f1-482f-92ed-59831b92dbd2,CC0 metadata via K-samsök,2026-09-07
runor:9a224225-e3c3-4426-8b0e-e7288fac0d3f,Samnordisk runtextdatabas: DR 220,Uppsala universitet / Riksantikvarieämbetet,http://kulturarvsdata.se/uu/srdb/2b960274-ef5d-41a8-9305-7edfb25e1082,CC0 metadata via K-samsök,2026-09-07
runor:b89e909a-7f2b-4d9a-9a49-c020a4344a90,Samnordisk runtextdatabas: DR 221,Uppsala universitet / Riksantikvarieämbetet,http://kulturarvsdata.se/uu/srdb/098cf0d2-f020-4c9a-8557-eebf9b9d05a6,CC0 metadata via K-samsök,2026-09-07
runor:cc18e18e-5517-4174-8fbd-e39bc87d7b5c,Samnordisk runtextdatabas: DR 225,Uppsala universitet / Riksantikvarieämbetet,http://kulturarvsdata.se/uu/srdb/d0514b2b-ba8d-4a0c-a080-2e0032bb361c,CC0 metadata via K-samsök,2026-09-07
runor:88aa961c-6156-4de5-b12d-fd91880b666a,Samnordisk runtextdatabas: DR 226,Uppsala universitet / Riksantikvarieämbetet,http://kulturarvsdata.se/uu/srdb/aafcc747-6864-44bd-97e3-d0ee1693e160,CC0 metadata via K-samsök,2026-09-07
runor:f87d80e3-1d9d-43e9-969d-a917115ad911,Samnordisk runtextdatabas: DR 227,Uppsala universitet / Riksantikvarieämbetet,http://kulturarvsdata.se/uu/srdb/6b7d71bf-d872-43b9-8bb0-a2c92c840a39,CC0 metadata via K-samsök,2026-09-07
runor:9a8d70c3-19dd-44f9-8f71-3aff4baceec6,Samnordisk runtextdatabas: DR 228,Uppsala universitet / Riksantikvarieämbetet,http://kulturarvsdata.se/uu/srdb/b10e64bf-0e56-49d0-90bb-0f0171f27af9,CC0 metadata via K-samsök,2026-09-07
runor:37a6e312-3516-4033-9fa5-48721449f6a1,Samnordisk runtextdatabas: DR 229,Uppsala universitet / Riksantikvarieämbetet,http://kulturarvsdata.se/uu/srdb/d7f9a3b6-34cd-4892-86b9-5b3e81b31293,CC0 metadata via K-samsök,2026-09-07
runor:fd72a6cd-2803-4794-a306-d39d1cbb13e3,Samnordisk runtextdatabas: DR 230,Uppsala universitet / Riksantikvarieämbetet,http://kulturarvsdata.se/uu/srdb/87d7e874-6f8d-4b01-a586-a36150231fc2,CC0 metadata via K-samsök,2026-09-07
runor:24abcf6c-0181-48cf-b8b9-715eeb2aa9ad,Samnordisk runtextdatabas: DR 233,Uppsala universitet / Riksantikvarieämbetet,http://kulturarvsdata.se/uu/srdb/201081b6-e658-4c7d-91c2-5d368bac29ce,CC0 metadata via K-samsök,2026-09-07
runor:9dc39646-7a7f-48f5-881b-25474c4943dc,Samnordisk runtextdatabas: DR 235,Uppsala universitet / Riksantikvarieämbetet,http://kulturarvsdata.se/uu/srdb/0aa6d4d3-951d-4479-b962-c76b3c6c1bec,CC0 metadata via K-samsök,2026-09-07
runor:968bfca3-dfd8-4079-80e3-1605fe981265,Samnordisk runtextdatabas: DR 236,Uppsala universitet / Riksantikvarieämbetet,http://kulturarvsdata.se/uu/srdb/f9f8d635-58f8-4ac1-becf-a23bca72af6d,CC0 metadata via K-samsök,2026-09-07
runor:3cc0fd94-63c2-4ebd-a2fd-4ce448071612,Samnordisk runtextdatabas: DR 237,Uppsala universitet / Riksantikvarieämbetet,http://kulturarvsdata.se/uu/srdb/116812cc-c32d-47ac-aba3-4fa9682ee10d,CC0 metadata via K-samsök,2026-09-07
runor:8a6eeb5a-9183-41a2-bfb0-ae5fc87fffdc,Samnordisk runtextdatabas: DR 238,Uppsala universitet / Riksantikvarieämbetet,http://kulturarvsdata.se/uu/srdb/50420322-1db6-40c5-979b-25bbbc4b7bad,CC0 metadata via K-samsök,2026-09-07
runor:b41b8a86-fc8c-42c2-af36-733ae3f45b2e,Samnordisk runtextdatabas: DR 239,Uppsala universitet / Riksantikvarieämbetet,http://kulturarvsdata.se/uu/srdb/e686da20-d041-4a0c-8237-14b1f9edb5a8,CC0 metadata via K-samsök,2026-09-07
runor:e0745510-b727-4f8c-87c0-85780e26368b,Samnordisk runtextdatabas: DR 248,Uppsala universitet / Riksantikvarieämbetet,http://kulturarvsdata.se/uu/srdb/99590eaa-5cec-4f61-a4b3-2933f6075e03,CC0 metadata via K-samsök,2026-09-07
runor:158e9dcb-0119-4165-88e2-4b13dadffe05,Samnordisk runtextdatabas: DR 249,Uppsala universitet / Riksantikvarieämbetet,http://kulturarvsdata.se/uu/srdb/f7d039a2-1a82-4ca9-8d8d-ac07c9db9508,CC0 metadata via K-samsök,2026-09-07
runor:5fd90818-54ed-4171-bfa4-25988b29219e,Samnordisk runtextdatabas: DR 250,Uppsala universitet / Riksantikvarieämbetet,http://kulturarvsdata.se/uu/srdb/9959e3ee-b1cd-4bf8-a44e-66434d321fec,CC0 metadata via K-samsök,2026-09-07
runor:62a66106-a107-4732-bab5-c0aceed7c399,Samnordisk runtextdatabas: DR 254,Uppsala universitet / Riksantikvarieämbetet,http://kulturarvsdata.se/uu/srdb/b1583480-818f-459c-8032-1b2dc61be13f,CC0 metadata via K-samsök,2026-09-07
runor:5838228f-adbf-4cc1-9ca2-b89e1be83201,Samnordisk runtextdatabas: DR 256,Uppsala universitet / Riksantikvarieämbetet,http://kulturarvsdata.se/uu/srdb/c637cc64-c95d-4bdf-8cfa-7407adc8b86e,CC0 metadata via K-samsök,2026-09-07
runor:ba1c3bce-888b-4360-9646-4eff41cc3817,Samnordisk runtextdatabas: DR 369,Uppsala universitet / Riksantikvarieämbetet,http://kulturarvsdata.se/uu/srdb/1aa21fde-260e-45b1-b9d3-91500fed25e5,CC0 metadata via K-samsök,2026-09-07
runor:ee9345b6-0ff6-437a-a990-bef7f72e1326,Samnordisk runtextdatabas: DR 370,Uppsala universitet / Riksantikvarieämbetet,http://kulturarvsdata.se/uu/srdb/bc9eaa1c-c624-4a3e-8326-fa7e39a4e670,CC0 metadata via K-samsök,2026-09-07
runor:86d791f4-c394-4ee4-a5f1-22b7374f05cd,Samnordisk runtextdatabas: DR 371,Uppsala universitet / Riksantikvarieämbetet,http://kulturarvsdata.se/uu/srdb/c7046fdd-43d2-4d11-b4ae-23a875d65090,CC0 metadata via K-samsök,2026-09-07
runor:be002dbc-d280-4e0e-a8c6-08d33e558c19,Samnordisk runtextdatabas: DR 372,Uppsala universitet / Riksantikvarieämbetet,http://kulturarvsdata.se/uu/srdb/71d53e55-ad24-4346-ae22-a8c781a38a6e,CC0 metadata via K-samsök,2026-09-07
runor:d14f49b9-2f31-4870-b8c3-9d3ec82f9445,Samnordisk runtextdatabas: DR 374,Uppsala universitet / Riksantikvarieämbetet,http://kulturarvsdata.se/uu/srdb/b335fa9b-033d-4f65-b657-776bb763c5bb,CC0 metadata via K-samsök,2026-09-07
runor:5e417b79-ee5d-4d59-9142-5fd78c8ba659,Samnordisk runtextdatabas: DR 376,Uppsala universitet / Riksantikvarieämbetet,http://kulturarvsdata.se/uu/srdb/1dddfa9f-4124-4668-8fde-bbbad903a3b3,CC0 metadata via K-samsök,2026-09-07
runor:6e99d1b0-e62e-4e58-bf4c-6150537dece6,Samnordisk runtextdatabas: DR 377,Uppsala universitet / Riksantikvarieämbetet,http://kulturarvsdata.se/uu/srdb/d003c45e-9baf-4ebb-958f-a1b31b5480ab,CC0 metadata via K-samsök,2026-09-07
runor:99f8993a-4153-490c-9849-d5be635995bb,Samnordisk runtextdatabas: DR 378,Uppsala universitet / Riksantikvarieämbetet,http://kulturarvsdata.se/uu/srdb/456f09c8-17d3-4767-8fe0-b98564006ffc,CC0 metadata via K-samsök,2026-09-07
runor:4ea061f7-2655-4855-9bd3-75653556fc31,Samnordisk runtextdatabas: DR 379,Uppsala universitet / Riksantikvarieämbetet,http://kulturarvsdata.se/uu/srdb/459d36b9-3acf-445c-ba71-23b771f26c60,CC0 metadata via K-samsök,2026-09-07
runor:991a4e09-6180-4286-b39e-cb362d32c88c,Samnordisk runtextdatabas: DR 380,Uppsala universitet / Riksantikvarieämbetet,http://kulturarvsdata.se/uu/srdb/2352ebe0-2f64-41e3-adde-00b48e227f3b,CC0 metadata via K-samsök,2026-09-07
runor:11557531-ab7e-4358-9a25-20d32df6c8ba,Samnordisk runtextdatabas: DR 381,Uppsala universitet / Riksantikvarieämbetet,http://kulturarvsdata.se/uu/srdb/a3dd5b54-60e8-4130-9abe-db167a6e877b,CC0 metadata via K-samsök,2026-09-07
runor:c2b3d24d-2122-4861-84b7-55cc17d397c6,Samnordisk runtextdatabas: DR 382,Uppsala universitet / Riksantikvarieämbetet,http://kulturarvsdata.se/uu/srdb/91f9cc40-e35e-4135-815d-d667e1b22f02,CC0 metadata via K-samsök,2026-09-07
runor:57947242-d812-4e24-8df2-1348af69bb96,Samnordisk runtextdatabas: DR 383,Uppsala universitet / Riksantikvarieämbetet,http://kulturarvsdata.se/uu/srdb/d7c289f0-3209-4c69-af42-06571e8da3a4,CC0 metadata via K-samsök,2026-09-07
runor:13c010c1-0a20-47eb-8ae0-10de4be5c799,Samnordisk runtextdatabas: DR 384,Uppsala universitet / Riksantikvarieämbetet,http://kulturarvsdata.se/uu/srdb/bb93cfdc-5ca2-43c3-b571-51b6b9e87c23,CC0 metadata via K-samsök,2026-09-07
runor:89b9be40-7873-470b-b865-3ed1b12ea71d,Samnordisk runtextdatabas: DR 385,Uppsala universitet / Riksantikvarieämbetet,http://kulturarvsdata.se/uu/srdb/44cba272-cc7b-4749-87b8-d1b2d4a4dbb5,CC0 metadata via K-samsök,2026-09-07
runor:aa27ffed-36e4-40d0-a228-b4e9091dd204,Samnordisk runtextdatabas: DR 386,Uppsala universitet / Riksantikvarieämbetet,http://kulturarvsdata.se/uu/srdb/6dcfc36d-9db6-4594-b8ac-417775ae5a88,CC0 metadata via K-samsök,2026-09-07
runor:4906dea8-9725-45f3-a33e-156ded2ed878,Samnordisk runtextdatabas: DR 387,Uppsala universitet / Riksantikvarieämbetet,http://kulturarvsdata.se/uu/srdb/9b8b0d00-4059-4f58-9b14-4c8bc7d18998,CC0 metadata via K-samsök,2026-09-07
runor:f620d250-89ba-4291-9f91-d2349e38207d,Samnordisk runtextdatabas: DR 388,Uppsala universitet / Riksantikvarieämbetet,http://kulturarvsdata.se/uu/srdb/487c1330-19d1-4df2-bf6a-75725d2e224c,CC0 metadata via K-samsök,2026-09-07
runor:d1fa952f-61e2-4e46-8360-9fb36fb8966e,Samnordisk runtextdatabas: DR 389,Uppsala universitet / Riksantikvarieämbetet,http://kulturarvsdata.se/uu/srdb/ad13e889-4652-4d54-96a6-9fc7c0c59395,CC0 metadata via K-samsök,2026-09-07
runor:41ca880c-8043-4cdf-a7c1-9477f45aa0a2,Samnordisk runtextdatabas: DR 390,Uppsala universitet / Riksantikvarieämbetet,http://kulturarvsdata.se/uu/srdb/d0156217-41b8-433f-9ffa-7f3b9949276d,CC0 metadata via K-samsök,2026-09-07
runor:eed4ee31-eb7c-4d82-b120-1a200a2f60b7,Samnordisk runtextdatabas: DR 391,Uppsala universitet / Riksantikvarieämbetet,http://kulturarvsdata.se/uu/srdb/4598c3f4-e159-4cbe-856b-0392621d08fa,CC0 metadata via K-samsök,2026-09-07
runor:2e067401-b1eb-4a42-8f33-0d77ccaf8ce3,Samnordisk runtextdatabas: DR 392,Uppsala universitet / Riksantikvarieämbetet,http://kulturarvsdata.se/uu/srdb/6bb04ba5-178c-4fdc-8508-3ee79431e87e,CC0 metadata via K-samsök,2026-09-07
runor:d7dcd08f-8d11-49bc-84d1-57f4602b018b,Samnordisk runtextdatabas: DR 393,Uppsala universitet / Riksantikvarieämbetet,http://kulturarvsdata.se/uu/srdb/0a4a47f1-67b0-406f-9a70-8061266f5d47,CC0 metadata via K-samsök,2026-09-07
runor:b1c8ceac-58bf-4323-a1c1-88c4a52fa86f,Samnordisk runtextdatabas: DR 394,Uppsala universitet / Riksantikvarieämbetet,http://kulturarvsdata.se/uu/srdb/9b76489b-4120-4682-b326-19be1717fa81,CC0 metadata via K-samsök,2026-09-07
runor:5b55adac-2e2e-4b08-bf4c-8043f89e6d2f,Samnordisk runtextdatabas: DR 395,Uppsala universitet / Riksantikvarieämbetet,http://kulturarvsdata.se/uu/srdb/87368d4e-107b-42a5-a241-bd666b3f0b41,CC0 metadata via K-samsök,2026-09-07
runor:47292aaa-5962-466d-9ff5-1912850a5213,Samnordisk runtextdatabas: DR 397,Uppsala universitet / Riksantikvarieämbetet,http://kulturarvsdata.se/uu/srdb/476ef2c0-3da8-4507-b4a3-0b2edc056326,CC0 metadata via K-samsök,2026-09-07
runor:420bb509-66c8-44ba-adaf-ea972bde7bcb,Samnordisk runtextdatabas: DR 398,Uppsala universitet / Riksantikvarieämbetet,http://kulturarvsdata.se/uu/srdb/dbea44f6-c5ec-4f92-a7cf-526fa266e9be,CC0 metadata via K-samsök,2026-09-07
runor:bf8cf1b8-9e6b-429c-a7b0-0d20c9a7139f,Samnordisk runtextdatabas: DR 399,Uppsala universitet / Riksantikvarieämbetet,http://kulturarvsdata.se/uu/srdb/f3009baa-63a9-4b51-b6fa-fc9566dd3bd1,CC0 metadata via K-samsök,2026-09-07
runor:020ff6a3-74df-4c4b-acab-c191a64c2a2e,Samnordisk runtextdatabas: DR 400,Uppsala universitet / Riksantikvarieämbetet,http://kulturarvsdata.se/uu/srdb/5ff4dc43-5e57-47cd-9001-d1c61e07e3d6,CC0 metadata via K-samsök,2026-09-07
runor:05fd5897-1c8c-42e1-bc65-7724e0aec8ab,Samnordisk runtextdatabas: DR 401,Uppsala universitet / Riksantikvarieämbetet,http://kulturarvsdata.se/uu/srdb/05bfe8da-8478-48dd-a8e0-ce5957d583ab,CC0 metadata via K-samsök,2026-09-07
runor:5653ab46-ba76-4002-9682-66eb6f425f31,Samnordisk runtextdatabas: DR 402,Uppsala universitet / Riksantikvarieämbetet,http://kulturarvsdata.se/uu/srdb/38b917b6-78ad-4d24-9ed2-d897241ff8de,CC0 metadata via K-samsök,2026-09-07
runor:d8dfc3af-05d6-4f07-b717-4823f539a0f0,Samnordisk runtextdatabas: DR 403,Uppsala universitet / Riksantikvarieämbetet,http://kulturarvsdata.se/uu/srdb/b39c9713-67ee-487d-b7dd-4df0bdf575b8,CC0 metadata via K-samsök,2026-09-07
runor:7f4a455f-b262-4d7d-a070-2feefae0d74d,Samnordisk runtextdatabas: DR 404,Uppsala universitet / Riksantikvarieämbetet,http://kulturarvsdata.se/uu/srdb/09356f3f-7ff9-41fe-b3b8-dddade4a2958,CC0 metadata via K-samsök,2026-09-07
runor:9c89df86-956a-48c6-a527-effcb1d3f6a1,Samnordisk runtextdatabas: DR 405,Uppsala universitet / Riksantikvarieämbetet,http://kulturarvsdata.se/uu/srdb/51bf290a-31ff-4eb9-a611-a2db0c681f13,CC0 metadata via K-samsök,2026-09-07
runor:194f8a85-44fd-4244-a005-7fe30f9f7948,Samnordisk runtextdatabas: DR 406,Uppsala universitet / Riksantikvarieämbetet,http://kulturarvsdata.se/uu/srdb/d0687e2a-dd83-4a51-b3c4-5f0c98967848,CC0 metadata via K-samsök,2026-09-07
runor:1ebbac2c-6ef1-402e-b68e-527c59c6837e,Samnordisk runtextdatabas: DR 407,Uppsala universitet / Riksantikvarieämbetet,http://kulturarvsdata.se/uu/srdb/33b1724a-fab4-4e30-82a6-68933b1d3308,CC0 metadata via K-samsök,2026-09-07
runor:bc56bfbf-7911-4377-8eb5-4c7c426da481,Samnordisk runtextdatabas: DR 408,Uppsala universitet / Riksantikvarieämbetet,http://kulturarvsdata.se/uu/srdb/f0fc9bc8-de7b-4c24-a43e-839e3efa9ba9,CC0 metadata via K-samsök,2026-09-07
runor:47585f9f-5398-4448-9919-a8a7af26120b,Samnordisk runtextdatabas: DR 409,Uppsala universitet / Riksantikvarieämbetet,http://kulturarvsdata.se/uu/srdb/85fe407e-77d0-4f28-a15e-e00276f7a801,CC0 metadata via K-samsök,2026-09-07
runor:75497ef9-ca0c-4498-a01e-6e50f592bc1f,Samnordisk runtextdatabas: DR AUD1995;279,Uppsala universitet / Riksantikvarieämbetet,http://kulturarvsdata.se/uu/srdb/5699ccfd-8543-444f-843b-ac711336a527,CC0 metadata via K-samsök,2026-09-07
runor:90f37304-0851-4cfb-8f04-97896243d985,Samnordisk runtextdatabas: DR AUD1996;274,Uppsala universitet / Riksantikvarieämbetet,http://kulturarvsdata.se/uu/srdb/aa4cf290-e4e0-4cb5-a361-b3e5b0dceeaa,CC0 metadata via K-samsök,2026-09-07
runor:5e5159f3-3466-4e73-bb13-9d025db4b57e,Samnordisk runtextdatabas: DR DKBh69,Uppsala universitet / Riksantikvarieämbetet,http://kulturarvsdata.se/uu/srdb/5815a3d7-4d10-4152-817a-acf2034a77d7,CC0 metadata via K-samsök,2026-09-07
runor:9af8cc9e-3882-4167-a8a2-72d8e2882f28,Samnordisk runtextdatabas: DR DKFyn51,Uppsala universitet / Riksantikvarieämbetet,http://kulturarvsdata.se/uu/srdb/ec420465-8a64-4053-92ab-0e42b2090c5b,CC0 metadata via K-samsök,2026-09-07
runor:eabe6b8b-e193-48bd-91b3-a7d79be9396c,Samnordisk runtextdatabas: DR DKMJy101,Uppsala universitet / Riksantikvarieämbetet,http://kulturarvsdata.se/uu/srdb/ca5dc3a4-0ab4-4008-b4af-0373235571b4,CC0 metadata via K-samsök,2026-09-07
runor:a3c4a3be-96c6-41ba-906f-aa18563e8409,Samnordisk runtextdatabas: DR DKMJy102,Uppsala universitet / Riksantikvarieämbetet,http://kulturarvsdata.se/uu/srdb/1a5d8df6-38e3-4990-9b19-ddade58ed469,CC0 metadata via K-samsök,2026-09-07
runor:2a7f7c57-309b-4697-91be-60b1d4ad9ef8,Samnordisk runtextdatabas: DR DKSJy77,Uppsala universitet / Riksantikvarieämbetet,http://kulturarvsdata.se/uu/srdb/ff533a2a-b126-4fad-bf63-49b0110c2c70,CC0 metadata via K-samsök,2026-09-07
runor:8ffd2c42-689d-4131-9a8d-855178e3ea16,Samnordisk runtextdatabas: DR EM85;221,Uppsala universitet / Riksantikvarieämbetet,http://kulturarvsdata.se/uu/srdb/65e86d5e-2d42-4378-b992-e63ce62afb1c,CC0 metadata via K-samsök,2026-09-07
runor:5d98c58c-87f3-4ba7-afe3-8d4991b3aaeb,Samnordisk runtextdatabas: DR EM85;239,Uppsala universitet / Riksantikvarieämbetet,http://kulturarvsdata.se/uu/srdb/0ede71b4-a4b3-47d1-8907-8e268b3adf47,CC0 metadata via K-samsök,2026-09-07
runor:2068d995-8ff3-4f4c-807b-8d9fe2f605e9,Samnordisk runtextdatabas: DR EM85;265,Uppsala universitet / Riksantikvarieämbetet,http://kulturarvsdata.se/uu/srdb/907b40d7-c5a7-4436-becd-a3f4fb2b6c40,CC0 metadata via K-samsök,2026-09-07
runor:ca550df5-c831-4e9f-a6c4-b11a5e99c022,Samnordisk runtextdatabas: DR EM85;306,Uppsala universitet / Riksantikvarieämbetet,http://kulturarvsdata.se/uu/srdb/39179eed-4a78-4efb-b93f-8190ac15507b,CC0 metadata via K-samsök,2026-09-07
runor:cc1bb4b2-d370-4e86-9fed-9068bbfe0919,Samnordisk runtextdatabas: DR EM85;308,Uppsala universitet / Riksantikvarieämbetet,http://kulturarvsdata.se/uu/srdb/525096f9-9561-4879-aede-d572df73795c,CC0 metadata via K-samsök,2026-09-07
runor:855e2d4c-70bf-4870-8db1-df0b4b95b81b,Samnordisk runtextdatabas: DR EM85;312,Uppsala universitet / Riksantikvarieämbetet,http://kulturarvsdata.se/uu/srdb/dda68938-99ab-4633-9995-d8434aa7f847,CC0 metadata via K-samsök,2026-09-07
runor:75d0305f-e528-4cdd-90d5-e56dd4a2e250,Samnordisk runtextdatabas: DR EM85;343,Uppsala universitet / Riksantikvarieämbetet,http://kulturarvsdata.se/uu/srdb/df6a610b-98ff-43d1-803b-b85c4fae20d6,CC0 metadata via K-samsök,2026-09-07
runor:78f4d2dd-fe83-40fe-a432-6ffe5b412130,Samnordisk runtextdatabas: DR EM85;523B,Uppsala universitet / Riksantikvarieämbetet,http://kulturarvsdata.se/uu/srdb/633056d5-4b60-4ea7-b40d-a73da5055438,CC0 metadata via K-samsök,2026-09-07
runor:e46dd534-eabf-4c51-a39a-5f7b11d84dd5,Samnordisk runtextdatabas: DR EM85;531,Uppsala universitet / Riksantikvarieämbetet,http://kulturarvsdata.se/uu/srdb/d3cf933a-4b01-443a-ae5b-c6e4878e5810,CC0 metadata via K-samsök,2026-09-07
runor:a9df530a-8b27-46fa-b781-b4d802da2bfb,Samnordisk runtextdatabas: DR EM85;547,Uppsala universitet / Riksantikvarieämbetet,http://kulturarvsdata.se/uu/srdb/ae31885c-0464-46c2-8880-4dd5ac1c1348,CC0 metadata via K-samsök,2026-09-07
runor:f7493d73-3645-48dc-9dfe-ec5a90334298,Samnordisk runtextdatabas: DR NOR1988;5,Uppsala universitet / Riksantikvarieämbetet,http://kulturarvsdata.se/uu/srdb/a0ad5189-6f29-442b-855f-f8ab7d5d6e86,CC0 metadata via K-samsök,2026-09-07
fortidsminder:17,"Fund og Fortidsminder, lokalitet 17",Slots- og Kulturstyrelsen,https://www.kulturarv.dk/fundogfortidsminder/Lokalitet/17/,Offentlige data; kreditering påkrævet,2026-09-07
fortidsminder:310,"Fund og Fortidsminder, lokalitet 310",Slots- og Kulturstyrelsen,https://www.kulturarv.dk/fundogfortidsminder/Lokalitet/310/,Offentlige data; kreditering påkrævet,2026-09-07
fortidsminder:1167,"Fund og Fortidsminder, lokalitet 1167",Slots- og Kulturstyrelsen,https://www.kulturarv.dk/fundogfortidsminder/Lokalitet/1167/,Offentlige data; kreditering påkrævet,2026-09-07
fortidsminder:1272,"Fund og Fortidsminder, lokalitet 1272",Slots- og Kulturstyrelsen,https://www.kulturarv.dk/fundogfortidsminder/Lokalitet/1272/,Offentlige data; kreditering påkrævet,2026-09-07
fortidsminder:1679,"Fund og Fortidsminder, lokalitet 1679",Slots- og Kulturstyrelsen,https://www.kulturarv.dk/fundogfortidsminder/Lokalitet/1679/,Offentlige data; kreditering påkrævet,2026-09-07
fortidsminder:2121,"Fund og Fortidsminder, lokalitet 2121",Slots- og Kulturstyrelsen,https://www.kulturarv.dk/fundogfortidsminder/Lokalitet/2121/,Offentlige data; kreditering påkrævet,2026-09-07
fortidsminder:2159,"Fund og Fortidsminder, lokalitet 2159",Slots- og Kulturstyrelsen,https://www.kulturarv.dk/fundogfortidsminder/Lokalitet/2159/,Offentlige data; kreditering påkrævet,2026-09-07
fortidsminder:5907,"Fund og Fortidsminder, lokalitet 5907",Slots- og Kulturstyrelsen,https://www.kulturarv.dk/fundogfortidsminder/Lokalitet/5907/,Offentlige data; kreditering påkrævet,2026-09-07
fortidsminder:23562,"Fund og Fortidsminder, lokalitet 23562",Slots- og Kulturstyrelsen,https://www.kulturarv.dk/fundogfortidsminder/Lokalitet/23562/,Offentlige data; kreditering påkrævet,2026-09-07
fortidsminder:24077,"Fund og Fortidsminder, lokalitet 24077",Slots- og Kulturstyrelsen,https://www.kulturarv.dk/fundogfortidsminder/Lokalitet/24077/,Offentlige data; kreditering påkrævet,2026-09-07
fortidsminder:29096,"Fund og Fortidsminder, lokalitet 29096",Slots- og Kulturstyrelsen,https://www.kulturarv.dk/fundogfortidsminder/Lokalitet/29096/,Offentlige data; kreditering påkrævet,2026-09-07
fortidsminder:29537,"Fund og Fortidsminder, lokalitet 29537",Slots- og Kulturstyrelsen,https://www.kulturarv.dk/fundogfortidsminder/Lokalitet/29537/,Offentlige data; kreditering påkrævet,2026-09-07
fortidsminder:34374,"Fund og Fortidsminder, lokalitet 34374",Slots- og Kulturstyrelsen,https://www.kulturarv.dk/fundogfortidsminder/Lokalitet/34374/,Offentlige data; kreditering påkrævet,2026-09-07
fortidsminder:38896,"Fund og Fortidsminder, lokalitet 38896",Slots- og Kulturstyrelsen,https://www.kulturarv.dk/fundogfortidsminder/Lokalitet/38896/,Offentlige data; kreditering påkrævet,2026-09-07
fortidsminder:42148,"Fund og Fortidsminder, lokalitet 42148",Slots- og Kulturstyrelsen,https://www.kulturarv.dk/fundogfortidsminder/Lokalitet/42148/,Offentlige data; kreditering påkrævet,2026-09-07
fortidsminder:42889,"Fund og Fortidsminder, lokalitet 42889",Slots- og Kulturstyrelsen,https://www.kulturarv.dk/fundogfortidsminder/Lokalitet/42889/,Offentlige data; kreditering påkrævet,2026-09-07
fortidsminder:60322,"Fund og Fortidsminder, lokalitet 60322",Slots- og Kulturstyrelsen,https://www.kulturarv.dk/fundogfortidsminder/Lokalitet/60322/,Offentlige data; kreditering påkrævet,2026-09-07
fortidsminder:74632,"Fund og Fortidsminder, lokalitet 74632",Slots- og Kulturstyrelsen,https://www.kulturarv.dk/fundogfortidsminder/Lokalitet/74632/,Offentlige data; kreditering påkrævet,2026-09-07
fortidsminder:86273,"Fund og Fortidsminder, lokalitet 86273",Slots- og Kulturstyrelsen,https://www.kulturarv.dk/fundogfortidsminder/Lokalitet/86273/,Offentlige data; kreditering påkrævet,2026-09-07
fortidsminder:91457,"Fund og Fortidsminder, lokalitet 91457",Slots- og Kulturstyrelsen,https://www.kulturarv.dk/fundogfortidsminder/Lokalitet/91457/,Offentlige data; kreditering påkrævet,2026-09-07
fortidsminder:92615,"Fund og Fortidsminder, lokalitet 92615",Slots- og Kulturstyrelsen,https://www.kulturarv.dk/fundogfortidsminder/Lokalitet/92615/,Offentlige data; kreditering påkrævet,2026-09-07
fortidsminder:92616,"Fund og Fortidsminder, lokalitet 92616",Slots- og Kulturstyrelsen,https://www.kulturarv.dk/fundogfortidsminder/Lokalitet/92616/,Offentlige data; kreditering påkrævet,2026-09-07
fortidsminder:92617,"Fund og Fortidsminder, lokalitet 92617",Slots- og Kulturstyrelsen,https://www.kulturarv.dk/fundogfortidsminder/Lokalitet/92617/,Offentlige data; kreditering påkrævet,2026-09-07
fortidsminder:95700,"Fund og Fortidsminder, lokalitet 95700",Slots- og Kulturstyrelsen,https://www.kulturarv.dk/fundogfortidsminder/Lokalitet/95700/,Offentlige data; kreditering påkrævet,2026-09-07
fortidsminder:109512,"Fund og Fortidsminder, lokalitet 109512",Slots- og Kulturstyrelsen,https://www.kulturarv.dk/fundogfortidsminder/Lokalitet/109512/,Offentlige data; kreditering påkrævet,2026-09-07
fortidsminder:112342,"Fund og Fortidsminder, lokalitet 112342",Slots- og Kulturstyrelsen,https://www.kulturarv.dk/fundogfortidsminder/Lokalitet/112342/,Offentlige data; kreditering påkrævet,2026-09-07
fortidsminder:112344,"Fund og Fortidsminder, lokalitet 112344",Slots- og Kulturstyrelsen,https://www.kulturarv.dk/fundogfortidsminder/Lokalitet/112344/,Offentlige data; kreditering påkrævet,2026-09-07
fortidsminder:112456,"Fund og Fortidsminder, lokalitet 112456",Slots- og Kulturstyrelsen,https://www.kulturarv.dk/fundogfortidsminder/Lokalitet/112456/,Offentlige data; kreditering påkrævet,2026-09-07
fortidsminder:112457,"Fund og Fortidsminder, lokalitet 112457",Slots- og Kulturstyrelsen,https://www.kulturarv.dk/fundogfortidsminder/Lokalitet/112457/,Offentlige data; kreditering påkrævet,2026-09-07
fortidsminder:112661,"Fund og Fortidsminder, lokalitet 112661",Slots- og Kulturstyrelsen,https://www.kulturarv.dk/fundogfortidsminder/Lokalitet/112661/,Offentlige data; kreditering påkrævet,2026-09-07
fortidsminder:114328,"Fund og Fortidsminder, lokalitet 114328",Slots- og Kulturstyrelsen,https://www.kulturarv.dk/fundogfortidsminder/Lokalitet/114328/,Offentlige data; kreditering påkrævet,2026-09-07
fortidsminder:114679,"Fund og Fortidsminder, lokalitet 114679",Slots- og Kulturstyrelsen,https://www.kulturarv.dk/fundogfortidsminder/Lokalitet/114679/,Offentlige data; kreditering påkrævet,2026-09-07
fortidsminder:115064,"Fund og Fortidsminder, lokalitet 115064",Slots- og Kulturstyrelsen,https://www.kulturarv.dk/fundogfortidsminder/Lokalitet/115064/,Offentlige data; kreditering påkrævet,2026-09-07
fortidsminder:115088,"Fund og Fortidsminder, lokalitet 115088",Slots- og Kulturstyrelsen,https://www.kulturarv.dk/fundogfortidsminder/Lokalitet/115088/,Offentlige data; kreditering påkrævet,2026-09-07
fortidsminder:115091,"Fund og Fortidsminder, lokalitet 115091",Slots- og Kulturstyrelsen,https://www.kulturarv.dk/fundogfortidsminder/Lokalitet/115091/,Offentlige data; kreditering påkrævet,2026-09-07
fortidsminder:115111,"Fund og Fortidsminder, lokalitet 115111",Slots- og Kulturstyrelsen,https://www.kulturarv.dk/fundogfortidsminder/Lokalitet/115111/,Offentlige data; kreditering påkrævet,2026-09-07
fortidsminder:115326,"Fund og Fortidsminder, lokalitet 115326",Slots- og Kulturstyrelsen,https://www.kulturarv.dk/fundogfortidsminder/Lokalitet/115326/,Offentlige data; kreditering påkrævet,2026-09-07
fortidsminder:116527,"Fund og Fortidsminder, lokalitet 116527",Slots- og Kulturstyrelsen,https://www.kulturarv.dk/fundogfortidsminder/Lokalitet/116527/,Offentlige data; kreditering påkrævet,2026-09-07
fortidsminder:116756,"Fund og Fortidsminder, lokalitet 116756",Slots- og Kulturstyrelsen,https://www.kulturarv.dk/fundogfortidsminder/Lokalitet/116756/,Offentlige data; kreditering påkrævet,2026-09-07
fortidsminder:117029,"Fund og Fortidsminder, lokalitet 117029",Slots- og Kulturstyrelsen,https://www.kulturarv.dk/fundogfortidsminder/Lokalitet/117029/,Offentlige data; kreditering påkrævet,2026-09-07
fortidsminder:117059,"Fund og Fortidsminder, lokalitet 117059",Slots- og Kulturstyrelsen,https://www.kulturarv.dk/fundogfortidsminder/Lokalitet/117059/,Offentlige data; kreditering påkrævet,2026-09-07
fortidsminder:117063,"Fund og Fortidsminder, lokalitet 117063",Slots- og Kulturstyrelsen,https://www.kulturarv.dk/fundogfortidsminder/Lokalitet/117063/,Offentlige data; kreditering påkrævet,2026-09-07
fortidsminder:117510,"Fund og Fortidsminder, lokalitet 117510",Slots- og Kulturstyrelsen,https://www.kulturarv.dk/fundogfortidsminder/Lokalitet/117510/,Offentlige data; kreditering påkrævet,2026-09-07
fortidsminder:118148,"Fund og Fortidsminder, lokalitet 118148",Slots- og Kulturstyrelsen,https://www.kulturarv.dk/fundogfortidsminder/Lokalitet/118148/,Offentlige data; kreditering påkrævet,2026-09-07
fortidsminder:118763,"Fund og Fortidsminder, lokalitet 118763",Slots- og Kulturstyrelsen,https://www.kulturarv.dk/fundogfortidsminder/Lokalitet/118763/,Offentlige data; kreditering påkrævet,2026-09-07
fortidsminder:120827,"Fund og Fortidsminder, lokalitet 120827",Slots- og Kulturstyrelsen,https://www.kulturarv.dk/fundogfortidsminder/Lokalitet/120827/,Offentlige data; kreditering påkrævet,2026-09-07
fortidsminder:122446,"Fund og Fortidsminder, lokalitet 122446",Slots- og Kulturstyrelsen,https://www.kulturarv.dk/fundogfortidsminder/Lokalitet/122446/,Offentlige data; kreditering påkrævet,2026-09-07
fortidsminder:125362,"Fund og Fortidsminder, lokalitet 125362",Slots- og Kulturstyrelsen,https://www.kulturarv.dk/fundogfortidsminder/Lokalitet/125362/,Offentlige data; kreditering påkrævet,2026-09-07
fortidsminder:125428,"Fund og Fortidsminder, lokalitet 125428",Slots- og Kulturstyrelsen,https://www.kulturarv.dk/fundogfortidsminder/Lokalitet/125428/,Offentlige data; kreditering påkrævet,2026-09-07
fortidsminder:126446,"Fund og Fortidsminder, lokalitet 126446",Slots- og Kulturstyrelsen,https://www.kulturarv.dk/fundogfortidsminder/Lokalitet/126446/,Offentlige data; kreditering påkrævet,2026-09-07
fortidsminder:130141,"Fund og Fortidsminder, lokalitet 130141",Slots- og Kulturstyrelsen,https://www.kulturarv.dk/fundogfortidsminder/Lokalitet/130141/,Offentlige data; kreditering påkrævet,2026-09-07
fortidsminder:136597,"Fund og Fortidsminder, lokalitet 136597",Slots- og Kulturstyrelsen,https://www.kulturarv.dk/fundogfortidsminder/Lokalitet/136597/,Offentlige data; kreditering påkrævet,2026-09-07
fortidsminder:142413,"Fund og Fortidsminder, lokalitet 142413",Slots- og Kulturstyrelsen,https://www.kulturarv.dk/fundogfortidsminder/Lokalitet/142413/,Offentlige data; kreditering påkrævet,2026-09-07
fortidsminder:148553,"Fund og Fortidsminder, lokalitet 148553",Slots- og Kulturstyrelsen,https://www.kulturarv.dk/fundogfortidsminder/Lokalitet/148553/,Offentlige data; kreditering påkrævet,2026-09-07
fortidsminder:164458,"Fund og Fortidsminder, lokalitet 164458",Slots- og Kulturstyrelsen,https://www.kulturarv.dk/fundogfortidsminder/Lokalitet/164458/,Offentlige data; kreditering påkrævet,2026-09-07
fortidsminder:188428,"Fund og Fortidsminder, lokalitet 188428",Slots- og Kulturstyrelsen,https://www.kulturarv.dk/fundogfortidsminder/Lokalitet/188428/,Offentlige data; kreditering påkrævet,2026-09-07
fortidsminder:188429,"Fund og Fortidsminder, lokalitet 188429",Slots- og Kulturstyrelsen,https://www.kulturarv.dk/fundogfortidsminder/Lokalitet/188429/,Offentlige data; kreditering påkrævet,2026-09-07
fortidsminder:188430,"Fund og Fortidsminder, lokalitet 188430",Slots- og Kulturstyrelsen,https://www.kulturarv.dk/fundogfortidsminder/Lokalitet/188430/,Offentlige data; kreditering påkrævet,2026-09-07
fortidsminder:188431,"Fund og Fortidsminder, lokalitet 188431",Slots- og Kulturstyrelsen,https://www.kulturarv.dk/fundogfortidsminder/Lokalitet/188431/,Offentlige data; kreditering påkrævet,2026-09-07
fortidsminder:188432,"Fund og Fortidsminder, lokalitet 188432",Slots- og Kulturstyrelsen,https://www.kulturarv.dk/fundogfortidsminder/Lokalitet/188432/,Offentlige data; kreditering påkrævet,2026-09-07
fortidsminder:188433,"Fund og Fortidsminder, lokalitet 188433",Slots- og Kulturstyrelsen,https://www.kulturarv.dk/fundogfortidsminder/Lokalitet/188433/,Offentlige data; kreditering påkrævet,2026-09-07
fortidsminder:188434,"Fund og Fortidsminder, lokalitet 188434",Slots- og Kulturstyrelsen,https://www.kulturarv.dk/fundogfortidsminder/Lokalitet/188434/,Offentlige data; kreditering påkrævet,2026-09-07
fortidsminder:188435,"Fund og Fortidsminder, lokalitet 188435",Slots- og Kulturstyrelsen,https://www.kulturarv.dk/fundogfortidsminder/Lokalitet/188435/,Offentlige data; kreditering påkrævet,2026-09-07
fortidsminder:188436,"Fund og Fortidsminder, lokalitet 188436",Slots- og Kulturstyrelsen,https://www.kulturarv.dk/fundogfortidsminder/Lokalitet/188436/,Offentlige data; kreditering påkrævet,2026-09-07
fortidsminder:188437,"Fund og Fortidsminder, lokalitet 188437",Slots- og Kulturstyrelsen,https://www.kulturarv.dk/fundogfortidsminder/Lokalitet/188437/,Offentlige data; kreditering påkrævet,2026-09-07
fortidsminder:188438,"Fund og Fortidsminder, lokalitet 188438",Slots- og Kulturstyrelsen,https://www.kulturarv.dk/fundogfortidsminder/Lokalitet/188438/,Offentlige data; kreditering påkrævet,2026-09-07
fortidsminder:188439,"Fund og Fortidsminder, lokalitet 188439",Slots- og Kulturstyrelsen,https://www.kulturarv.dk/fundogfortidsminder/Lokalitet/188439/,Offentlige data; kreditering påkrævet,2026-09-07
fortidsminder:188440,"Fund og Fortidsminder, lokalitet 188440",Slots- og Kulturstyrelsen,https://www.kulturarv.dk/fundogfortidsminder/Lokalitet/188440/,Offentlige data; kreditering påkrævet,2026-09-07
fortidsminder:188441,"Fund og Fortidsminder, lokalitet 188441",Slots- og Kulturstyrelsen,https://www.kulturarv.dk/fundogfortidsminder/Lokalitet/188441/,Offentlige data; kreditering påkrævet,2026-09-07
fortidsminder:188447,"Fund og Fortidsminder, lokalitet 188447",Slots- og Kulturstyrelsen,https://www.kulturarv.dk/fundogfortidsminder/Lokalitet/188447/,Offentlige data; kreditering påkrævet,2026-09-07
fortidsminder:188448,"Fund og Fortidsminder, lokalitet 188448",Slots- og Kulturstyrelsen,https://www.kulturarv.dk/fundogfortidsminder/Lokalitet/188448/,Offentlige data; kreditering påkrævet,2026-09-07
fortidsminder:190841,"Fund og Fortidsminder, lokalitet 190841",Slots- og Kulturstyrelsen,https://www.kulturarv.dk/fundogfortidsminder/Lokalitet/190841/,Offentlige data; kreditering påkrævet,2026-09-07
fortidsminder:193025,"Fund og Fortidsminder, lokalitet 193025",Slots- og Kulturstyrelsen,https://www.kulturarv.dk/fundogfortidsminder/Lokalitet/193025/,Offentlige data; kreditering påkrævet,2026-09-07
fortidsminder:195226,"Fund og Fortidsminder, lokalitet 195226",Slots- og Kulturstyrelsen,https://www.kulturarv.dk/fundogfortidsminder/Lokalitet/195226/,Offentlige data; kreditering påkrævet,2026-09-07
fortidsminder:195248,"Fund og Fortidsminder, lokalitet 195248",Slots- og Kulturstyrelsen,https://www.kulturarv.dk/fundogfortidsminder/Lokalitet/195248/,Offentlige data; kreditering påkrævet,2026-09-07
fortidsminder:201379,"Fund og Fortidsminder, lokalitet 201379",Slots- og Kulturstyrelsen,https://www.kulturarv.dk/fundogfortidsminder/Lokalitet/201379/,Offentlige data; kreditering påkrævet,2026-09-07
fortidsminder:201380,"Fund og Fortidsminder, lokalitet 201380",Slots- og Kulturstyrelsen,https://www.kulturarv.dk/fundogfortidsminder/Lokalitet/201380/,Offentlige data; kreditering påkrævet,2026-09-07
fortidsminder:217891,"Fund og Fortidsminder, lokalitet 217891",Slots- og Kulturstyrelsen,https://www.kulturarv.dk/fundogfortidsminder/Lokalitet/217891/,Offentlige data; kreditering påkrævet,2026-09-07
fortidsminder:218982,"Fund og Fortidsminder, lokalitet 218982",Slots- og Kulturstyrelsen,https://www.kulturarv.dk/fundogfortidsminder/Lokalitet/218982/,Offentlige data; kreditering påkrævet,2026-09-07
fortidsminder:218986,"Fund og Fortidsminder, lokalitet 218986",Slots- og Kulturstyrelsen,https://www.kulturarv.dk/fundogfortidsminder/Lokalitet/218986/,Offentlige data; kreditering påkrævet,2026-09-07
fortidsminder:219003,"Fund og Fortidsminder, lokalitet 219003",Slots- og Kulturstyrelsen,https://www.kulturarv.dk/fundogfortidsminder/Lokalitet/219003/,Offentlige data; kreditering påkrævet,2026-09-07
fortidsminder:219007,"Fund og Fortidsminder, lokalitet 219007",Slots- og Kulturstyrelsen,https://www.kulturarv.dk/fundogfortidsminder/Lokalitet/219007/,Offentlige data; kreditering påkrævet,2026-09-07
fortidsminder:219009,"Fund og Fortidsminder, lokalitet 219009",Slots- og Kulturstyrelsen,https://www.kulturarv.dk/fundogfortidsminder/Lokalitet/219009/,Offentlige data; kreditering påkrævet,2026-09-07
fortidsminder:219010,"Fund og Fortidsminder, lokalitet 219010",Slots- og Kulturstyrelsen,https://www.kulturarv.dk/fundogfortidsminder/Lokalitet/219010/,Offentlige data; kreditering påkrævet,2026-09-07
fortidsminder:219012,"Fund og Fortidsminder, lokalitet 219012",Slots- og Kulturstyrelsen,https://www.kulturarv.dk/fundogfortidsminder/Lokalitet/219012/,Offentlige data; kreditering påkrævet,2026-09-07
fortidsminder:219013,"Fund og Fortidsminder, lokalitet 219013",Slots- og Kulturstyrelsen,https://www.kulturarv.dk/fundogfortidsminder/Lokalitet/219013/,Offentlige data; kreditering påkrævet,2026-09-07
fortidsminder:219014,"Fund og Fortidsminder, lokalitet 219014",Slots- og Kulturstyrelsen,https://www.kulturarv.dk/fundogfortidsminder/Lokalitet/219014/,Offentlige data; kreditering påkrævet,2026-09-07
fortidsminder:219028,"Fund og Fortidsminder, lokalitet 219028",Slots- og Kulturstyrelsen,https://www.kulturarv.dk/fundogfortidsminder/Lokalitet/219028/,Offentlige data; kreditering påkrævet,2026-09-07
fortidsminder:219029,"Fund og Fortidsminder, lokalitet 219029",Slots- og Kulturstyrelsen,https://www.kulturarv.dk/fundogfortidsminder/Lokalitet/219029/,Offentlige data; kreditering påkrævet,2026-09-07
fortidsminder:219030,"Fund og Fortidsminder, lokalitet 219030",Slots- og Kulturstyrelsen,https://www.kulturarv.dk/fundogfortidsminder/Lokalitet/219030/,Offentlige data; kreditering påkrævet,2026-09-07
fortidsminder:219032,"Fund og Fortidsminder, lokalitet 219032",Slots- og Kulturstyrelsen,https://www.kulturarv.dk/fundogfortidsminder/Lokalitet/219032/,Offentlige data; kreditering påkrævet,2026-09-07
fortidsminder:219033,"Fund og Fortidsminder, lokalitet 219033",Slots- og Kulturstyrelsen,https://www.kulturarv.dk/fundogfortidsminder/Lokalitet/219033/,Offentlige data; kreditering påkrævet,2026-09-07
fortidsminder:219036,"Fund og Fortidsminder, lokalitet 219036",Slots- og Kulturstyrelsen,https://www.kulturarv.dk/fundogfortidsminder/Lokalitet/219036/,Offentlige data; kreditering påkrævet,2026-09-07
fortidsminder:219037,"Fund og Fortidsminder, lokalitet 219037",Slots- og Kulturstyrelsen,https://www.kulturarv.dk/fundogfortidsminder/Lokalitet/219037/,Offentlige data; kreditering påkrævet,2026-09-07
fortidsminder:219038,"Fund og Fortidsminder, lokalitet 219038",Slots- og Kulturstyrelsen,https://www.kulturarv.dk/fundogfortidsminder/Lokalitet/219038/,Offentlige data; kreditering påkrævet,2026-09-07
fortidsminder:219040,"Fund og Fortidsminder, lokalitet 219040",Slots- og Kulturstyrelsen,https://www.kulturarv.dk/fundogfortidsminder/Lokalitet/219040/,Offentlige data; kreditering påkrævet,2026-09-07
fortidsminder:219043,"Fund og Fortidsminder, lokalitet 219043",Slots- og Kulturstyrelsen,https://www.kulturarv.dk/fundogfortidsminder/Lokalitet/219043/,Offentlige data; kreditering påkrævet,2026-09-07
fortidsminder:219047,"Fund og Fortidsminder, lokalitet 219047",Slots- og Kulturstyrelsen,https://www.kulturarv.dk/fundogfortidsminder/Lokalitet/219047/,Offentlige data; kreditering påkrævet,2026-09-07
fortidsminder:219049,"Fund og Fortidsminder, lokalitet 219049",Slots- og Kulturstyrelsen,https://www.kulturarv.dk/fundogfortidsminder/Lokalitet/219049/,Offentlige data; kreditering påkrævet,2026-09-07
fortidsminder:219055,"Fund og Fortidsminder, lokalitet 219055",Slots- og Kulturstyrelsen,https://www.kulturarv.dk/fundogfortidsminder/Lokalitet/219055/,Offentlige data; kreditering påkrævet,2026-09-07
fortidsminder:219057,"Fund og Fortidsminder, lokalitet 219057",Slots- og Kulturstyrelsen,https://www.kulturarv.dk/fundogfortidsminder/Lokalitet/219057/,Offentlige data; kreditering påkrævet,2026-09-07
fortidsminder:219061,"Fund og Fortidsminder, lokalitet 219061",Slots- og Kulturstyrelsen,https://www.kulturarv.dk/fundogfortidsminder/Lokalitet/219061/,Offentlige data; kreditering påkrævet,2026-09-07
fortidsminder:219073,"Fund og Fortidsminder, lokalitet 219073",Slots- og Kulturstyrelsen,https://www.kulturarv.dk/fundogfortidsminder/Lokalitet/219073/,Offentlige data; kreditering påkrævet,2026-09-07
fortidsminder:219133,"Fund og Fortidsminder, lokalitet 219133",Slots- og Kulturstyrelsen,https://www.kulturarv.dk/fundogfortidsminder/Lokalitet/219133/,Offentlige data; kreditering påkrævet,2026-09-07
fortidsminder:219242,"Fund og Fortidsminder, lokalitet 219242",Slots- og Kulturstyrelsen,https://www.kulturarv.dk/fundogfortidsminder/Lokalitet/219242/,Offentlige data; kreditering påkrævet,2026-09-07
fortidsminder:219245,"Fund og Fortidsminder, lokalitet 219245",Slots- og Kulturstyrelsen,https://www.kulturarv.dk/fundogfortidsminder/Lokalitet/219245/,Offentlige data; kreditering påkrævet,2026-09-07
fortidsminder:219250,"Fund og Fortidsminder, lokalitet 219250",Slots- og Kulturstyrelsen,https://www.kulturarv.dk/fundogfortidsminder/Lokalitet/219250/,Offentlige data; kreditering påkrævet,2026-09-07
fortidsminder:219253,"Fund og Fortidsminder, lokalitet 219253",Slots- og Kulturstyrelsen,https://www.kulturarv.dk/fundogfortidsminder/Lokalitet/219253/,Offentlige data; kreditering påkrævet,2026-09-07
fortidsminder:219254,"Fund og Fortidsminder, lokalitet 219254",Slots- og Kulturstyrelsen,https://www.kulturarv.dk/fundogfortidsminder/Lokalitet/219254/,Offentlige data; kreditering påkrævet,2026-09-07
fortidsminder:219589,"Fund og Fortidsminder, lokalitet 219589",Slots- og Kulturstyrelsen,https://www.kulturarv.dk/fundogfortidsminder/Lokalitet/219589/,Offentlige data; kreditering påkrævet,2026-09-07
fortidsminder:219592,"Fund og Fortidsminder, lokalitet 219592",Slots- og Kulturstyrelsen,https://www.kulturarv.dk/fundogfortidsminder/Lokalitet/219592/,Offentlige data; kreditering påkrævet,2026-09-07
fortidsminder:219595,"Fund og Fortidsminder, lokalitet 219595",Slots- og Kulturstyrelsen,https://www.kulturarv.dk/fundogfortidsminder/Lokalitet/219595/,Offentlige data; kreditering påkrævet,2026-09-07
fortidsminder:219597,"Fund og Fortidsminder, lokalitet 219597",Slots- og Kulturstyrelsen,https://www.kulturarv.dk/fundogfortidsminder/Lokalitet/219597/,Offentlige data; kreditering påkrævet,2026-09-07
fortidsminder:219599,"Fund og Fortidsminder, lokalitet 219599",Slots- og Kulturstyrelsen,https://www.kulturarv.dk/fundogfortidsminder/Lokalitet/219599/,Offentlige data; kreditering påkrævet,2026-09-07
fortidsminder:219600,"Fund og Fortidsminder, lokalitet 219600",Slots- og Kulturstyrelsen,https://www.kulturarv.dk/fundogfortidsminder/Lokalitet/219600/,Offentlige data; kreditering påkrævet,2026-09-07
fortidsminder:219603,"Fund og Fortidsminder, lokalitet 219603",Slots- og Kulturstyrelsen,https://www.kulturarv.dk/fundogfortidsminder/Lokalitet/219603/,Offentlige data; kreditering påkrævet,2026-09-07
fortidsminder:219647,"Fund og Fortidsminder, lokalitet 219647",Slots- og Kulturstyrelsen,https://www.kulturarv.dk/fundogfortidsminder/Lokalitet/219647/,Offentlige data; kreditering påkrævet,2026-09-07
fortidsminder:219648,"Fund og Fortidsminder, lokalitet 219648",Slots- og Kulturstyrelsen,https://www.kulturarv.dk/fundogfortidsminder/Lokalitet/219648/,Offentlige data; kreditering påkrævet,2026-09-07
fortidsminder:219649,"Fund og Fortidsminder, lokalitet 219649",Slots- og Kulturstyrelsen,https://www.kulturarv.dk/fundogfortidsminder/Lokalitet/219649/,Offentlige data; kreditering påkrævet,2026-09-07
fortidsminder:219738,"Fund og Fortidsminder, lokalitet 219738",Slots- og Kulturstyrelsen,https://www.kulturarv.dk/fundogfortidsminder/Lokalitet/219738/,Offentlige data; kreditering påkrævet,2026-09-07
fortidsminder:219739,"Fund og Fortidsminder, lokalitet 219739",Slots- og Kulturstyrelsen,https://www.kulturarv.dk/fundogfortidsminder/Lokalitet/219739/,Offentlige data; kreditering påkrævet,2026-09-07
fortidsminder:220949,"Fund og Fortidsminder, lokalitet 220949",Slots- og Kulturstyrelsen,https://www.kulturarv.dk/fundogfortidsminder/Lokalitet/220949/,Offentlige data; kreditering påkrævet,2026-09-07
fortidsminder:216,"Fund og Fortidsminder, lokalitet 216",Slots- og Kulturstyrelsen,https://www.kulturarv.dk/fundogfortidsminder/Lokalitet/216/,Offentlige data; kreditering påkrævet,2026-09-07
fortidsminder:311,"Fund og Fortidsminder, lokalitet 311",Slots- og Kulturstyrelsen,https://www.kulturarv.dk/fundogfortidsminder/Lokalitet/311/,Offentlige data; kreditering påkrævet,2026-09-07
fortidsminder:696,"Fund og Fortidsminder, lokalitet 696",Slots- og Kulturstyrelsen,https://www.kulturarv.dk/fundogfortidsminder/Lokalitet/696/,Offentlige data; kreditering påkrævet,2026-09-07
fortidsminder:766,"Fund og Fortidsminder, lokalitet 766",Slots- og Kulturstyrelsen,https://www.kulturarv.dk/fundogfortidsminder/Lokalitet/766/,Offentlige data; kreditering påkrævet,2026-09-07
fortidsminder:1236,"Fund og Fortidsminder, lokalitet 1236",Slots- og Kulturstyrelsen,https://www.kulturarv.dk/fundogfortidsminder/Lokalitet/1236/,Offentlige data; kreditering påkrævet,2026-09-07
fortidsminder:1965,"Fund og Fortidsminder, lokalitet 1965",Slots- og Kulturstyrelsen,https://www.kulturarv.dk/fundogfortidsminder/Lokalitet/1965/,Offentlige data; kreditering påkrævet,2026-09-07
fortidsminder:2184,"Fund og Fortidsminder, lokalitet 2184",Slots- og Kulturstyrelsen,https://www.kulturarv.dk/fundogfortidsminder/Lokalitet/2184/,Offentlige data; kreditering påkrævet,2026-09-07
fortidsminder:9073,"Fund og Fortidsminder, lokalitet 9073",Slots- og Kulturstyrelsen,https://www.kulturarv.dk/fundogfortidsminder/Lokalitet/9073/,Offentlige data; kreditering påkrævet,2026-09-07
fortidsminder:10330,"Fund og Fortidsminder, lokalitet 10330",Slots- og Kulturstyrelsen,https://www.kulturarv.dk/fundogfortidsminder/Lokalitet/10330/,Offentlige data; kreditering påkrævet,2026-09-07
fortidsminder:14218,"Fund og Fortidsminder, lokalitet 14218",Slots- og Kulturstyrelsen,https://www.kulturarv.dk/fundogfortidsminder/Lokalitet/14218/,Offentlige data; kreditering påkrævet,2026-09-07
fortidsminder:14350,"Fund og Fortidsminder, lokalitet 14350",Slots- og Kulturstyrelsen,https://www.kulturarv.dk/fundogfortidsminder/Lokalitet/14350/,Offentlige data; kreditering påkrævet,2026-09-07
fortidsminder:17588,"Fund og Fortidsminder, lokalitet 17588",Slots- og Kulturstyrelsen,https://www.kulturarv.dk/fundogfortidsminder/Lokalitet/17588/,Offentlige data; kreditering påkrævet,2026-09-07
fortidsminder:18792,"Fund og Fortidsminder, lokalitet 18792",Slots- og Kulturstyrelsen,https://www.kulturarv.dk/fundogfortidsminder/Lokalitet/18792/,Offentlige data; kreditering påkrævet,2026-09-07
fortidsminder:22029,"Fund og Fortidsminder, lokalitet 22029",Slots- og Kulturstyrelsen,https://www.kulturarv.dk/fundogfortidsminder/Lokalitet/22029/,Offentlige data; kreditering påkrævet,2026-09-07
fortidsminder:27978,"Fund og Fortidsminder, lokalitet 27978",Slots- og Kulturstyrelsen,https://www.kulturarv.dk/fundogfortidsminder/Lokalitet/27978/,Offentlige data; kreditering påkrævet,2026-09-07
fortidsminder:33170,"Fund og Fortidsminder, lokalitet 33170",Slots- og Kulturstyrelsen,https://www.kulturarv.dk/fundogfortidsminder/Lokalitet/33170/,Offentlige data; kreditering påkrævet,2026-09-07
fortidsminder:49522,"Fund og Fortidsminder, lokalitet 49522",Slots- og Kulturstyrelsen,https://www.kulturarv.dk/fundogfortidsminder/Lokalitet/49522/,Offentlige data; kreditering påkrævet,2026-09-07
fortidsminder:55540,"Fund og Fortidsminder, lokalitet 55540",Slots- og Kulturstyrelsen,https://www.kulturarv.dk/fundogfortidsminder/Lokalitet/55540/,Offentlige data; kreditering påkrævet,2026-09-07
fortidsminder:70438,"Fund og Fortidsminder, lokalitet 70438",Slots- og Kulturstyrelsen,https://www.kulturarv.dk/fundogfortidsminder/Lokalitet/70438/,Offentlige data; kreditering påkrævet,2026-09-07
fortidsminder:84911,"Fund og Fortidsminder, lokalitet 84911",Slots- og Kulturstyrelsen,https://www.kulturarv.dk/fundogfortidsminder/Lokalitet/84911/,Offentlige data; kreditering påkrævet,2026-09-07
fortidsminder:91186,"Fund og Fortidsminder, lokalitet 91186",Slots- og Kulturstyrelsen,https://www.kulturarv.dk/fundogfortidsminder/Lokalitet/91186/,Offentlige data; kreditering påkrævet,2026-09-07
fortidsminder:93684,"Fund og Fortidsminder, lokalitet 93684",Slots- og Kulturstyrelsen,https://www.kulturarv.dk/fundogfortidsminder/Lokalitet/93684/,Offentlige data; kreditering påkrævet,2026-09-07
fortidsminder:95661,"Fund og Fortidsminder, lokalitet 95661",Slots- og Kulturstyrelsen,https://www.kulturarv.dk/fundogfortidsminder/Lokalitet/95661/,Offentlige data; kreditering påkrævet,2026-09-07
fortidsminder:97463,"Fund og Fortidsminder, lokalitet 97463",Slots- og Kulturstyrelsen,https://www.kulturarv.dk/fundogfortidsminder/Lokalitet/97463/,Offentlige data; kreditering påkrævet,2026-09-07
fortidsminder:109522,"Fund og Fortidsminder, lokalitet 109522",Slots- og Kulturstyrelsen,https://www.kulturarv.dk/fundogfortidsminder/Lokalitet/109522/,Offentlige data; kreditering påkrævet,2026-09-07
fortidsminder:111590,"Fund og Fortidsminder, lokalitet 111590",Slots- og Kulturstyrelsen,https://www.kulturarv.dk/fundogfortidsminder/Lokalitet/111590/,Offentlige data; kreditering påkrævet,2026-09-07
fortidsminder:112649,"Fund og Fortidsminder, lokalitet 112649",Slots- og Kulturstyrelsen,https://www.kulturarv.dk/fundogfortidsminder/Lokalitet/112649/,Offentlige data; kreditering påkrævet,2026-09-07
fortidsminder:112650,"Fund og Fortidsminder, lokalitet 112650",Slots- og Kulturstyrelsen,https://www.kulturarv.dk/fundogfortidsminder/Lokalitet/112650/,Offentlige data; kreditering påkrævet,2026-09-07
fortidsminder:112651,"Fund og Fortidsminder, lokalitet 112651",Slots- og Kulturstyrelsen,https://www.kulturarv.dk/fundogfortidsminder/Lokalitet/112651/,Offentlige data; kreditering påkrævet,2026-09-07
fortidsminder:119519,"Fund og Fortidsminder, lokalitet 119519",Slots- og Kulturstyrelsen,https://www.kulturarv.dk/fundogfortidsminder/Lokalitet/119519/,Offentlige data; kreditering påkrævet,2026-09-07
fortidsminder:122744,"Fund og Fortidsminder, lokalitet 122744",Slots- og Kulturstyrelsen,https://www.kulturarv.dk/fundogfortidsminder/Lokalitet/122744/,Offentlige data; kreditering påkrævet,2026-09-07
fortidsminder:122882,"Fund og Fortidsminder, lokalitet 122882",Slots- og Kulturstyrelsen,https://www.kulturarv.dk/fundogfortidsminder/Lokalitet/122882/,Offentlige data; kreditering påkrævet,2026-09-07
fortidsminder:122899,"Fund og Fortidsminder, lokalitet 122899",Slots- og Kulturstyrelsen,https://www.kulturarv.dk/fundogfortidsminder/Lokalitet/122899/,Offentlige data; kreditering påkrævet,2026-09-07
fortidsminder:123354,"Fund og Fortidsminder, lokalitet 123354",Slots- og Kulturstyrelsen,https://www.kulturarv.dk/fundogfortidsminder/Lokalitet/123354/,Offentlige data; kreditering påkrævet,2026-09-07
fortidsminder:129770,"Fund og Fortidsminder, lokalitet 129770",Slots- og Kulturstyrelsen,https://www.kulturarv.dk/fundogfortidsminder/Lokalitet/129770/,Offentlige data; kreditering påkrævet,2026-09-07
fortidsminder:130150,"Fund og Fortidsminder, lokalitet 130150",Slots- og Kulturstyrelsen,https://www.kulturarv.dk/fundogfortidsminder/Lokalitet/130150/,Offentlige data; kreditering påkrævet,2026-09-07
fortidsminder:130151,"Fund og Fortidsminder, lokalitet 130151",Slots- og Kulturstyrelsen,https://www.kulturarv.dk/fundogfortidsminder/Lokalitet/130151/,Offentlige data; kreditering påkrævet,2026-09-07
fortidsminder:130155,"Fund og Fortidsminder, lokalitet 130155",Slots- og Kulturstyrelsen,https://www.kulturarv.dk/fundogfortidsminder/Lokalitet/130155/,Offentlige data; kreditering påkrævet,2026-09-07
fortidsminder:130156,"Fund og Fortidsminder, lokalitet 130156",Slots- og Kulturstyrelsen,https://www.kulturarv.dk/fundogfortidsminder/Lokalitet/130156/,Offentlige data; kreditering påkrævet,2026-09-07
fortidsminder:130175,"Fund og Fortidsminder, lokalitet 130175",Slots- og Kulturstyrelsen,https://www.kulturarv.dk/fundogfortidsminder/Lokalitet/130175/,Offentlige data; kreditering påkrævet,2026-09-07
fortidsminder:130180,"Fund og Fortidsminder, lokalitet 130180",Slots- og Kulturstyrelsen,https://www.kulturarv.dk/fundogfortidsminder/Lokalitet/130180/,Offentlige data; kreditering påkrævet,2026-09-07
fortidsminder:130443,"Fund og Fortidsminder, lokalitet 130443",Slots- og Kulturstyrelsen,https://www.kulturarv.dk/fundogfortidsminder/Lokalitet/130443/,Offentlige data; kreditering påkrævet,2026-09-07
fortidsminder:134619,"Fund og Fortidsminder, lokalitet 134619",Slots- og Kulturstyrelsen,https://www.kulturarv.dk/fundogfortidsminder/Lokalitet/134619/,Offentlige data; kreditering påkrævet,2026-09-07
fortidsminder:135164,"Fund og Fortidsminder, lokalitet 135164",Slots- og Kulturstyrelsen,https://www.kulturarv.dk/fundogfortidsminder/Lokalitet/135164/,Offentlige data; kreditering påkrævet,2026-09-07
fortidsminder:138963,"Fund og Fortidsminder, lokalitet 138963",Slots- og Kulturstyrelsen,https://www.kulturarv.dk/fundogfortidsminder/Lokalitet/138963/,Offentlige data; kreditering påkrævet,2026-09-07
fortidsminder:141178,"Fund og Fortidsminder, lokalitet 141178",Slots- og Kulturstyrelsen,https://www.kulturarv.dk/fundogfortidsminder/Lokalitet/141178/,Offentlige data; kreditering påkrævet,2026-09-07
fortidsminder:141462,"Fund og Fortidsminder, lokalitet 141462",Slots- og Kulturstyrelsen,https://www.kulturarv.dk/fundogfortidsminder/Lokalitet/141462/,Offentlige data; kreditering påkrævet,2026-09-07
fortidsminder:142414,"Fund og Fortidsminder, lokalitet 142414",Slots- og Kulturstyrelsen,https://www.kulturarv.dk/fundogfortidsminder/Lokalitet/142414/,Offentlige data; kreditering påkrævet,2026-09-07
fortidsminder:148036,"Fund og Fortidsminder, lokalitet 148036",Slots- og Kulturstyrelsen,https://www.kulturarv.dk/fundogfortidsminder/Lokalitet/148036/,Offentlige data; kreditering påkrævet,2026-09-07
fortidsminder:148043,"Fund og Fortidsminder, lokalitet 148043",Slots- og Kulturstyrelsen,https://www.kulturarv.dk/fundogfortidsminder/Lokalitet/148043/,Offentlige data; kreditering påkrævet,2026-09-07
fortidsminder:148737,"Fund og Fortidsminder, lokalitet 148737",Slots- og Kulturstyrelsen,https://www.kulturarv.dk/fundogfortidsminder/Lokalitet/148737/,Offentlige data; kreditering påkrævet,2026-09-07
fortidsminder:163713,"Fund og Fortidsminder, lokalitet 163713",Slots- og Kulturstyrelsen,https://www.kulturarv.dk/fundogfortidsminder/Lokalitet/163713/,Offentlige data; kreditering påkrævet,2026-09-07
fortidsminder:166470,"Fund og Fortidsminder, lokalitet 166470",Slots- og Kulturstyrelsen,https://www.kulturarv.dk/fundogfortidsminder/Lokalitet/166470/,Offentlige data; kreditering påkrævet,2026-09-07
fortidsminder:170371,"Fund og Fortidsminder, lokalitet 170371",Slots- og Kulturstyrelsen,https://www.kulturarv.dk/fundogfortidsminder/Lokalitet/170371/,Offentlige data; kreditering påkrævet,2026-09-07
fortidsminder:189461,"Fund og Fortidsminder, lokalitet 189461",Slots- og Kulturstyrelsen,https://www.kulturarv.dk/fundogfortidsminder/Lokalitet/189461/,Offentlige data; kreditering påkrævet,2026-09-07
fortidsminder:189466,"Fund og Fortidsminder, lokalitet 189466",Slots- og Kulturstyrelsen,https://www.kulturarv.dk/fundogfortidsminder/Lokalitet/189466/,Offentlige data; kreditering påkrævet,2026-09-07
fortidsminder:204677,"Fund og Fortidsminder, lokalitet 204677",Slots- og Kulturstyrelsen,https://www.kulturarv.dk/fundogfortidsminder/Lokalitet/204677/,Offentlige data; kreditering påkrævet,2026-09-07
fortidsminder:207576,"Fund og Fortidsminder, lokalitet 207576",Slots- og Kulturstyrelsen,https://www.kulturarv.dk/fundogfortidsminder/Lokalitet/207576/,Offentlige data; kreditering påkrævet,2026-09-07
fortidsminder:209897,"Fund og Fortidsminder, lokalitet 209897",Slots- og Kulturstyrelsen,https://www.kulturarv.dk/fundogfortidsminder/Lokalitet/209897/,Offentlige data; kreditering påkrævet,2026-09-07
fortidsminder:220517,"Fund og Fortidsminder, lokalitet 220517",Slots- og Kulturstyrelsen,https://www.kulturarv.dk/fundogfortidsminder/Lokalitet/220517/,Offentlige data; kreditering påkrævet,2026-09-07
fortidsminder:246267,"Fund og Fortidsminder, lokalitet 246267",Slots- og Kulturstyrelsen,https://www.kulturarv.dk/fundogfortidsminder/Lokalitet/246267/,Offentlige data; kreditering påkrævet,2026-09-07
fortidsminder:246974,"Fund og Fortidsminder, lokalitet 246974",Slots- og Kulturstyrelsen,https://www.kulturarv.dk/fundogfortidsminder/Lokalitet/246974/,Offentlige data; kreditering påkrævet,2026-09-07
fortidsminder:247961,"Fund og Fortidsminder, lokalitet 247961",Slots- og Kulturstyrelsen,https://www.kulturarv.dk/fundogfortidsminder/Lokalitet/247961/,Offentlige data; kreditering påkrævet,2026-09-07
fortidsminder:257626,"Fund og Fortidsminder, lokalitet 257626",Slots- og Kulturstyrelsen,https://www.kulturarv.dk/fundogfortidsminder/Lokalitet/257626/,Offentlige data; kreditering påkrævet,2026-09-07
fortidsminder:258118,"Fund og Fortidsminder, lokalitet 258118",Slots- og Kulturstyrelsen,https://www.kulturarv.dk/fundogfortidsminder/Lokalitet/258118/,Offentlige data; kreditering påkrævet,2026-09-07
fortidsminder:258880,"Fund og Fortidsminder, lokalitet 258880",Slots- og Kulturstyrelsen,https://www.kulturarv.dk/fundogfortidsminder/Lokalitet/258880/,Offentlige data; kreditering påkrævet,2026-09-07
